NDC11,Part,Image,Layout,Name,encoded_NDC11
39022310,1,PillProjectDisc31/images/BEDEDIITYC87O8QO2902KUB1XXLQS_U.CR2,C3PI_Reference,AMARYL 4MG TABLETS,0.0
39022310,1,PillProjectDisc4/images/19UDXTDJOF83PTWB670HWFSWCREG7-.CR2,C3PI_Reference,AMARYL 4MG TABLETS,0.0
39022310,1,PillProjectDisc101/images/SJXCIJRES6KNA9ZDT_-K!194NS9W_E.JPG,C3PI_Test,AMARYL 4MG TABLETS,0.0
39022310,1,PillProjectDisc102/images/SP-OD1GXRZLA6IWII1_VKEC14V8-GW.JPG,C3PI_Test,AMARYL 4MG TABLETS,0.0
39022310,1,PillProjectDisc102/images/SWD_C6IFGYEK2T_XKO!MS4FFTDGDQX.JPG,C3PI_Test,AMARYL 4MG TABLETS,0.0
39022310,1,PillProjectDisc102/images/TE_HLK5O_X36EBW96ERBGWT_PTNMAH.JPG,C3PI_Test,AMARYL 4MG TABLETS,0.0
39022310,1,PillProjectDisc103/images/TM4CBGZP30QTP885E2!1FILAK4QUFQ.JPG,C3PI_Test,AMARYL 4MG TABLETS,0.0
39022310,1,PillProjectDisc104/images/UDTX6I02_EQ4B3LFUCIKNJ06JJH7!-.JPG,C3PI_Test,AMARYL 4MG TABLETS,0.0
39022310,1,PillProjectDisc104/images/ULVXV9BWEI-T!HNGW_TN!9DYHYT43Y.JPG,C3PI_Test,AMARYL 4MG TABLETS,0.0
39022310,1,PillProjectDisc106/images/WHDBHLHQYS0OZ-1S-I1XZVZCDGE-0A.WMV,C3PI_Test,AMARYL 4MG TABLETS,0.0
39022310,1,PillProjectDisc106/images/WJRQHX_9I75J4TBXN-SY9J4IZBDNYQ.JPG,C3PI_Test,AMARYL 4MG TABLETS,0.0
39022310,1,PillProjectDisc108/images/Y6YEMTN-SRTB!!L7!XKGPY6WS74WK9.JPG,C3PI_Test,AMARYL 4MG TABLETS,0.0
39022310,1,PillProjectDisc108/images/YE3BPWKEU6G03HLZFGIVLLG_69MVIA.JPG,C3PI_Test,AMARYL 4MG TABLETS,0.0
39022310,1,PillProjectDisc109/images/Z8D1BGU21R4U52QF-9CGBPWX3A!2J3.JPG,C3PI_Test,AMARYL 4MG TABLETS,0.0
39022310,1,PillProjectDisc109/images/ZB7J-PF43P24LKM2YM33B1_1V0X480.JPG,C3PI_Test,AMARYL 4MG TABLETS,0.0
39022310,1,PillProjectDisc109/images/ZZAWS71MQ1YNG6-EJ8H1U8AZ1M!!DZ.JPG,C3PI_Test,AMARYL 4MG TABLETS,0.0
39022310,1,PillProjectDisc10/images/6S1EGUCUJUCS5Y2G_PVBETH0A9X22L.JPG,C3PI_Test,AMARYL 4MG TABLETS,0.0
39022310,1,PillProjectDisc13/images/9U!WK0ZEK6WDU_ITY1UD_GM5Q865KA.JPG,C3PI_Test,AMARYL 4MG TABLETS,0.0
39022310,1,PillProjectDisc15/images/B-N1-TH!EFV2Y!IZFLE-Q!DCTHGXVVG.JPG,C3PI_Test,AMARYL 4MG TABLETS,0.0
39022310,1,PillProjectDisc15/images/B-XCV6TUMNQR00K479CURMK!3GJL-MA.JPG,C3PI_Test,AMARYL 4MG TABLETS,0.0
39022310,1,PillProjectDisc16/images/B0PSIFKZ-8ZEIC63PI4QJ1TXWWG4VFK.JPG,C3PI_Test,AMARYL 4MG TABLETS,0.0
39022310,1,PillProjectDisc17/images/B1LVQOBF2YH2F9GJS4UYM8R9M6H2R5S.JPG,C3PI_Test,AMARYL 4MG TABLETS,0.0
39022310,1,PillProjectDisc18/images/B2BP8VMB2AYID2A5HP3H!!2K21J2NEB.JPG,C3PI_Test,AMARYL 4MG TABLETS,0.0
39022310,1,PillProjectDisc19/images/B3GG447S62WBJWRWE4BMSAR85A7NNIX.JPG,C3PI_Test,AMARYL 4MG TABLETS,0.0
39022310,1,PillProjectDisc1/images/!N0GWPVK!D6RZMO!28U2G_GBCT8YP2.JPG,C3PI_Test,AMARYL 4MG TABLETS,0.0
39022310,1,PillProjectDisc1/images/!P31ERRM_M7RRSPBWHL80GEAAAA6WF.JPG,C3PI_Test,AMARYL 4MG TABLETS,0.0
39022310,1,PillProjectDisc20/images/B4QTGB-IZBGD01ZZMVEG4LRK3LDX8_9.JPG,C3PI_Test,AMARYL 4MG TABLETS,0.0
39022310,1,PillProjectDisc22/images/B6A0XIPN7B3NEQUFQ-9P9UJUZCF7DTO.JPG,C3PI_Test,AMARYL 4MG TABLETS,0.0
39022310,1,PillProjectDisc22/images/B6BSVMK2CWTE5T3CP!-B7B!-3OCA2AD.JPG,C3PI_Test,AMARYL 4MG TABLETS,0.0
39022310,1,PillProjectDisc23/images/B70C18CZPSQT3S1WB397645E3O__0S6.JPG,C3PI_Test,AMARYL 4MG TABLETS,0.0
39022310,1,PillProjectDisc25/images/B9B0C_!X2V9Y3E3RNYEET9PEG2TCCZ9.JPG,C3PI_Test,AMARYL 4MG TABLETS,0.0
39022310,1,PillProjectDisc27/images/BAOMYRYLYZUYG_IXPNBKIXDANGOMTFY.JPG,C3PI_Test,AMARYL 4MG TABLETS,0.0
39022310,1,PillProjectDisc28/images/BBZOP!_WLD--!V!96-6V8H!W1BF_Q47.WMV,C3PI_Test,AMARYL 4MG TABLETS,0.0
39022310,1,PillProjectDisc28/images/BC83GNGR5LR9R6--EBI8Q9T_AQGV0BC.JPG,C3PI_Test,AMARYL 4MG TABLETS,0.0
39022310,1,PillProjectDisc29/images/BCYJEK2F5T5IRNM9WZXB1TL2073YTJA.JPG,C3PI_Test,AMARYL 4MG TABLETS,0.0
39022310,1,PillProjectDisc2/images/-6NLOV-6V7O-DARK_WMMC!EK2WO4PN.JPG,C3PI_Test,AMARYL 4MG TABLETS,0.0
39022310,1,PillProjectDisc32/images/BFF9R!!XB9JQC7BNS6TUGJZ4YYOO-3E.JPG,C3PI_Test,AMARYL 4MG TABLETS,0.0
39022310,1,PillProjectDisc33/images/BGZIIF6PC_I_PXMVJAE3HF09SQHTL73.JPG,C3PI_Test,AMARYL 4MG TABLETS,0.0
39022310,1,PillProjectDisc34/images/BHMWXVP2R9!!RRA8YXC1HWG41S36GIR.JPG,C3PI_Test,AMARYL 4MG TABLETS,0.0
39022310,1,PillProjectDisc34/images/BHW88Y1KDFU_RL-WR!K72H7HU26443N.JPG,C3PI_Test,AMARYL 4MG TABLETS,0.0
39022310,1,PillProjectDisc35/images/BI4JA5T_88X7TF5J!S3UNVBFGMR0-Q!.JPG,C3PI_Test,AMARYL 4MG TABLETS,0.0
39022310,1,PillProjectDisc36/images/BJMI81!1Z5946F0P!LBNCUT7CJJ08S7.JPG,C3PI_Test,AMARYL 4MG TABLETS,0.0
39022310,1,PillProjectDisc39/images/BM3U64EAMX38M16X_N9Z7C21IF_GTI4.JPG,C3PI_Test,AMARYL 4MG TABLETS,0.0
39022310,1,PillProjectDisc39/images/BM7XA800KL4MJH-8MW1NHR_GIQPB2YD.JPG,C3PI_Test,AMARYL 4MG TABLETS,0.0
39022310,1,PillProjectDisc3/images/0R-WIC5G-_-YQ_-Q5ID64ECU0RBKU.JPG,C3PI_Test,AMARYL 4MG TABLETS,0.0
39022310,1,PillProjectDisc42/images/BOOLW_Q_6MUD9MMBHSR!DB22L3N13TS.JPG,C3PI_Test,AMARYL 4MG TABLETS,0.0
39022310,1,PillProjectDisc44/images/BR2TF9V!3LLNG5KZ3!EVENA9851ZYE7.JPG,C3PI_Test,AMARYL 4MG TABLETS,0.0
39022310,1,PillProjectDisc44/images/BR3HBQOKKKB7XOWQ5PRB_8U2EG_CEFJ.JPG,C3PI_Test,AMARYL 4MG TABLETS,0.0
39022310,1,PillProjectDisc45/images/BRYFX61IX_2SOUW-WRUDSPHAY!5_!IU.JPG,C3PI_Test,AMARYL 4MG TABLETS,0.0
39022310,1,PillProjectDisc46/images/BT!W3JTVMMQT31MEVBPJ2A5MB45255C.JPG,C3PI_Test,AMARYL 4MG TABLETS,0.0
39022310,1,PillProjectDisc47/images/BTVFHIL8V7NY5W0_!801PO-O3KDSCNV.JPG,C3PI_Test,AMARYL 4MG TABLETS,0.0
39022310,1,PillProjectDisc48/images/BV!2K7S7UPES7IAWVHD-P0JYX--4R-W.JPG,C3PI_Test,AMARYL 4MG TABLETS,0.0
39022310,1,PillProjectDisc50/images/BW1_8Z0JKNMPCGDK96P!BW3POZPSFIZ.JPG,C3PI_Test,AMARYL 4MG TABLETS,0.0
39022310,1,PillProjectDisc50/images/BWSB6TML60GDY9ZM_6Y_LHX45-ZNVM2.JPG,C3PI_Test,AMARYL 4MG TABLETS,0.0
39022310,1,PillProjectDisc51/images/BX-NEK0T11D8!2NSM4IG7TGGEC2DBS0.JPG,C3PI_Test,AMARYL 4MG TABLETS,0.0
39022310,1,PillProjectDisc52/images/BYKBYTXJF9CWJ1GKXHXMJ76ROXCBQQ.JPG,C3PI_Test,AMARYL 4MG TABLETS,0.0
39022310,1,PillProjectDisc53/images/BZVH_OO_EOFX2PG-XRS0TDIMAIAQDEY.JPG,C3PI_Test,AMARYL 4MG TABLETS,0.0
39022310,1,PillProjectDisc53/images/BZVKCDW2ZKQBEV7O94MWCGW0WHBCGWP.JPG,C3PI_Test,AMARYL 4MG TABLETS,0.0
39022310,1,PillProjectDisc54/images/B_YC!FJK8GC87O9E0N8G!LT0LWOXI1E.JPG,C3PI_Test,AMARYL 4MG TABLETS,0.0
39022310,1,PillProjectDisc54/images/BZYCN-UOA039I_IDM7EM-ZCMDPQS376.JPG,C3PI_Test,AMARYL 4MG TABLETS,0.0
39022310,1,PillProjectDisc56/images/C1IP-7MZVZSCN1W!_FCPSP94TJ1Q_L.JPG,C3PI_Test,AMARYL 4MG TABLETS,0.0
39022310,1,PillProjectDisc5/images/260V4JSUCI-KO5M7RN1T34K0ZP1A94.JPG,C3PI_Test,AMARYL 4MG TABLETS,0.0
39022310,1,PillProjectDisc61/images/CDR91YB19FOD!9DKUMH0BGP8UK-PQZM.JPG,C3PI_Test,AMARYL 4MG TABLETS,0.0
39022310,1,PillProjectDisc61/images/CE184KFFO0VXJ7-_SZCHDK5HEMHY64_.JPG,C3PI_Test,AMARYL 4MG TABLETS,0.0
39022310,1,PillProjectDisc61/images/CE2RCFZZMWSR0OSZ6TIWGUNLMQ6_VHQ.JPG,C3PI_Test,AMARYL 4MG TABLETS,0.0
39022310,1,PillProjectDisc62/images/CFE9Q9O39O4RQASI0M1577ZJCEQLN_.JPG,C3PI_Test,AMARYL 4MG TABLETS,0.0
39022310,1,PillProjectDisc63/images/CFULW8EU583FYQ0UQD591UMDLF2SZG6.JPG,C3PI_Test,AMARYL 4MG TABLETS,0.0
39022310,1,PillProjectDisc65/images/CHEUY5X5OWD0OZ1N7-MPUYK1I9UQSZ_.JPG,C3PI_Test,AMARYL 4MG TABLETS,0.0
39022310,1,PillProjectDisc66/images/CIS69FKN_MUIC3_2NC0V3QHBONM-G9.JPG,C3PI_Test,AMARYL 4MG TABLETS,0.0
39022310,1,PillProjectDisc67/images/CJC1VB6QUXTHMSN_IUSR--86H43179K.JPG,C3PI_Test,AMARYL 4MG TABLETS,0.0
39022310,1,PillProjectDisc67/images/CJSW-WTEPZ0RBAMS68PQV--GRS8CZYO.JPG,C3PI_Test,AMARYL 4MG TABLETS,0.0
39022310,1,PillProjectDisc67/images/CK3U03!I87CU9UNS!TLJDFH3RSWPNVB.JPG,C3PI_Test,AMARYL 4MG TABLETS,0.0
39022310,1,PillProjectDisc68/images/CL1F8BH20SQEP1BNFDTIF49HW8N-IR3.JPG,C3PI_Test,AMARYL 4MG TABLETS,0.0
39022310,1,PillProjectDisc70/images/CMBR25VDSS2L1VHJN!EGXDWIHD-4-9I.JPG,C3PI_Test,AMARYL 4MG TABLETS,0.0
39022310,1,PillProjectDisc70/images/CMIVJSS242F6A-RAWHZ52OSE7GD0EH1.JPG,C3PI_Test,AMARYL 4MG TABLETS,0.0
39022310,1,PillProjectDisc71/images/CN-R3QRZSMQI1HV3RH9LGMMBM3R0H61.JPG,C3PI_Test,AMARYL 4MG TABLETS,0.0
39022310,1,PillProjectDisc74/images/CQWKATEE8D4LFV83YK1ZGRDHDXD8CVU.JPG,C3PI_Test,AMARYL 4MG TABLETS,0.0
39022310,1,PillProjectDisc76/images/CSJDLCDWW4MPIB0F4I46GDCTYEZZ1P9.JPG,C3PI_Test,AMARYL 4MG TABLETS,0.0
39022310,1,PillProjectDisc77/images/CT08D_1QDVFWGQ2UY1!IV18AC9NWLGE.JPG,C3PI_Test,AMARYL 4MG TABLETS,0.0
39022310,1,PillProjectDisc77/images/CTB-XJR_ZU-V4XDO_KUG!EN26V513Y3.JPG,C3PI_Test,AMARYL 4MG TABLETS,0.0
39022310,1,PillProjectDisc78/images/CTP5MXCWR9_NCDBM35J2Q2E6M5GU3!9.JPG,C3PI_Test,AMARYL 4MG TABLETS,0.0
39022310,1,PillProjectDisc80/images/CW2-0HN4W9COEHLFGHCX_4Y8EQ-S6AH.JPG,C3PI_Test,AMARYL 4MG TABLETS,0.0
39022310,1,PillProjectDisc81/images/CWNV1700E6JDINQUB!POZP!0K3QCW5Y.JPG,C3PI_Test,AMARYL 4MG TABLETS,0.0
39022310,1,PillProjectDisc84/images/CZ6DQU99Q1!RV6KMOXN1-SXXTKY-2A4.JPG,C3PI_Test,AMARYL 4MG TABLETS,0.0
39022310,1,PillProjectDisc84/images/CZSBC6YHQEGMIEOLVZXM-W3BU8_U!Q0.JPG,C3PI_Test,AMARYL 4MG TABLETS,0.0
39022310,1,PillProjectDisc87/images/EXVHRHGO!ZVVC10MJ_MD8L7D67M_B6.JPG,C3PI_Test,AMARYL 4MG TABLETS,0.0
39022310,1,PillProjectDisc88/images/FT0B3Z5ZPOB3BUD4GZIJ3C4DVA84K8.JPG,C3PI_Test,AMARYL 4MG TABLETS,0.0
39022310,1,PillProjectDisc88/images/FY!V7_Z5JJ0W00_P3FALGVT5JZV6MT.JPG,C3PI_Test,AMARYL 4MG TABLETS,0.0
39022310,1,PillProjectDisc8/images/52K068SAA5YLN4B84SVSCDW66ZNO13.JPG,C3PI_Test,AMARYL 4MG TABLETS,0.0
39022310,1,PillProjectDisc8/images/5AAWQ9_5F!F5KTWQKGFU7RI1XHTGCT.JPG,C3PI_Test,AMARYL 4MG TABLETS,0.0
39022310,1,PillProjectDisc90/images/I9NNP_H_71PI2_AHULJJUZ454YV1KH.JPG,C3PI_Test,AMARYL 4MG TABLETS,0.0
39022310,1,PillProjectDisc93/images/KQBJ5IXHLLH8E7FLLZG21EP74BL_L!.JPG,C3PI_Test,AMARYL 4MG TABLETS,0.0
39022310,1,PillProjectDisc94/images/LA!04O65GTWHUFCE6HNOKXRD-INDAP.JPG,C3PI_Test,AMARYL 4MG TABLETS,0.0
39022310,1,PillProjectDisc94/images/LQUEYAQPD-F9R-HBWIM0YAC6IL!1VE.JPG,C3PI_Test,AMARYL 4MG TABLETS,0.0
39022310,1,PillProjectDisc94/images/LV3OJ0WP515TADYKN-JS-X5IKD8SJ-.JPG,C3PI_Test,AMARYL 4MG TABLETS,0.0
39022310,1,PillProjectDisc95/images/M_!6YUU8CC04WULPY2US0XA60PG8QU.JPG,C3PI_Test,AMARYL 4MG TABLETS,0.0
39022310,1,PillProjectDisc95/images/MWTMV!JX9Y7T40T6S6K--1R-4PL743.JPG,C3PI_Test,AMARYL 4MG TABLETS,0.0
39022310,1,PillProjectDisc95/images/MYE9ADY8YXRHXTRYO0OOSIPOIFH0IX.JPG,C3PI_Test,AMARYL 4MG TABLETS,0.0
39022310,1,PillProjectDisc97/images/O9VI7UIRZL95WFU0SYFSD8HTUHHI0A.JPG,C3PI_Test,AMARYL 4MG TABLETS,0.0
39022310,1,PillProjectDisc99/images/QFL2FJ7SINVSEN12LAXSZ!ZHTQL5CB.JPG,C3PI_Test,AMARYL 4MG TABLETS,0.0
39022310,1,PillProjectDisc99/images/QLOO5!2ZKR3-A06TL5DE3KRQYQX021.JPG,C3PI_Test,AMARYL 4MG TABLETS,0.0
39022310,1,PillProjectDisc9/images/5LXG0LE6E29VOS7TV_6293J5I42BLN.JPG,C3PI_Test,AMARYL 4MG TABLETS,0.0
39022310,1,PillProjectDisc9/images/5Z49O9KXUYMOBQN4NC-W8NO!QT-A2Y.JPG,C3PI_Test,AMARYL 4MG TABLETS,0.0
39022310,1,PillProjectDisc100/images/QTO23ZW8796023GGJ_KKLZ0VT6QFCL.PNG,MC_C3PI_REFERENCE_SEG_V1.6,AMARYL 4MG TABLETS,0.0
39022310,1,PillProjectDisc103/images/TZ0UP2P5MSX!AWU18RJWGAA4KOZV-6.PNG,MC_C3PI_REFERENCE_SEG_V1.6,AMARYL 4MG TABLETS,0.0
39022310,1,PillProjectDisc25/images/B8_HL!KU-CI38R8!4ZD9Y4L1XV6EJMA.PNG,MC_C3PI_REFERENCE_SEG_V1.6,AMARYL 4MG TABLETS,0.0
39022310,1,PillProjectDisc2/images/-L2GO!P!MA_HUBGJK4FVXV-HPKM9RO.PNG,MC_C3PI_REFERENCE_SEG_V1.6,AMARYL 4MG TABLETS,0.0
39022310,1,PillProjectDisc39/images/BMF38JJ3_GU7GR15B0D-BQ94Z8QHWYX.PNG,MC_C3PI_REFERENCE_SEG_V1.6,AMARYL 4MG TABLETS,0.0
39022310,1,PillProjectDisc53/images/BZU5XFD_DB99I2Y85KQBTQKA3QG7ENS.PNG,MC_C3PI_REFERENCE_SEG_V1.6,AMARYL 4MG TABLETS,0.0
39022310,1,PillProjectDisc62/images/CFBF00APL5EO_69NT318IN_IV3L9SP!.PNG,MC_C3PI_REFERENCE_SEG_V1.6,AMARYL 4MG TABLETS,0.0
39022310,1,PillProjectDisc69/images/CL651TBFKTU-R5W1Z_9GSWQLS6FUOWX.PNG,MC_C3PI_REFERENCE_SEG_V1.6,AMARYL 4MG TABLETS,0.0
39022310,1,PillProjectDisc8/images/5B207B8FLP50PMDV1S7SY4BKPKZ3D.JPG,MC_CHALLENGE_V1.0,AMARYL 4MG TABLETS,0.0
39022310,1,PillProjectDisc94/images/LQ3TW01DOKOE6VW6X93--K5HPT1!9M.JPG,MC_CHALLENGE_V1.0,AMARYL 4MG TABLETS,0.0
39022310,1,PillProjectDisc18/images/B2QB592BUJCV2ATS3Q4AF6GXE35RT!K.PNG,MC_COOKED_CALIBRATED_V1.2,AMARYL 4MG TABLETS,0.0
39022310,1,PillProjectDisc32/images/BF9309!S_U5BQP1XSRGE3RV2ID73CEI.PNG,MC_COOKED_CALIBRATED_V1.2,AMARYL 4MG TABLETS,0.0
39022310,1,PillProjectDisc39/images/BLYNPHW9VRYCT72VK4PFUW745A5-UC-.PNG,MC_COOKED_CALIBRATED_V1.2,AMARYL 4MG TABLETS,0.0
39022310,1,PillProjectDisc39/images/BM!7115IVDN1H8!8ZH5FJO4JSW3KDK9.PNG,MC_COOKED_CALIBRATED_V1.2,AMARYL 4MG TABLETS,0.0
555901258,1,PillProjectDisc109/images/Z4DLBKOT9M01!1VAYS90Z2JNTMWL4.CR2,C3PI_Reference,NORTEL 7/7/7,1.0
555901258,1,PillProjectDisc63/images/CF_JAO6MOS5I_MF3S34BHXU2EDE31C5.CR2,C3PI_Reference,NORTEL 7/7/7,1.0
555901258,2,PillProjectDisc100/images/R14QTAR!--3-OW7WUTS4R8KJR6EEJ7.CR2,C3PI_Reference,NORTEL 7/7/7,1.0
555901258,2,PillProjectDisc56/images/C6WGJYSGUQC86BPC582PKB175_H9K-.CR2,C3PI_Reference,NORTEL 7/7/7,1.0
555901258,3,PillProjectDisc100/images/R3VFS_980-RWZEBEPRLGJD!8MM1WCZ.CR2,C3PI_Reference,NORTEL 7/7/7,1.0
555901258,3,PillProjectDisc33/images/BG9U2!5NY8FDAV3QZMSZZHC36!35DIA.CR2,C3PI_Reference,NORTEL 7/7/7,1.0
555901258,4,PillProjectDisc81/images/CWS7KNM2KSEVSFPHW6N12NSJH87C3P5.CR2,C3PI_Reference,NORTEL 7/7/7,1.0
555901258,4,PillProjectDisc83/images/CY0CKXUFJZZVM2RY2!DOK05G6LUL3QI.CR2,C3PI_Reference,NORTEL 7/7/7,1.0
555901258,1,PillProjectDisc100/images/Q_AHT1_VZZTFFLMWDEXE648H014NXC.JPG,C3PI_Test,NORTEL 7/7/7,1.0
555901258,1,PillProjectDisc100/images/RH6NYS4Q20R5SGHBTQL!JMB24WMJ2J.JPG,C3PI_Test,NORTEL 7/7/7,1.0
555901258,1,PillProjectDisc102/images/SRLOT63!JW66PJW0HW!L!4NT7!19UA.WMV,C3PI_Test,NORTEL 7/7/7,1.0
555901258,1,PillProjectDisc109/images/_-L!6XKOVHMA0UUQS-PJCTL1WIK!9.JPG,C3PI_Test,NORTEL 7/7/7,1.0
555901258,1,PillProjectDisc12/images/8L6WD8U4AL0HIPFCSM6PR-HTRX7C13.JPG,C3PI_Test,NORTEL 7/7/7,1.0
555901258,1,PillProjectDisc12/images/8P56-FO_R8US22M3_916YGK!GW6I5Y.JPG,C3PI_Test,NORTEL 7/7/7,1.0
555901258,1,PillProjectDisc2/images/-IWS_9541TPQEOZQJQH!P7-GL6BSS9.JPG,C3PI_Test,NORTEL 7/7/7,1.0
555901258,1,PillProjectDisc30/images/BE33TR62F3AJBS7M8Y4U!TD!TF9FM_C.JPG,C3PI_Test,NORTEL 7/7/7,1.0
555901258,1,PillProjectDisc37/images/BKALCNUP-OHT8IBS0IN5IP4GR5HIKS4.JPG,C3PI_Test,NORTEL 7/7/7,1.0
555901258,1,PillProjectDisc44/images/BQO69P2A6V!-O97SXH7OUGAT004QMDS.JPG,C3PI_Test,NORTEL 7/7/7,1.0
555901258,1,PillProjectDisc45/images/BRFL2MTWD9H7LX_1LY1A-BRHST7XED4.JPG,C3PI_Test,NORTEL 7/7/7,1.0
555901258,1,PillProjectDisc48/images/BUZEWDC648W-I2AJTB3M-TCVQNOMDSH.JPG,C3PI_Test,NORTEL 7/7/7,1.0
555901258,1,PillProjectDisc54/images/BZ_PCT2!2A-8DTT34SVZ05AX0G5QMS2.JPG,C3PI_Test,NORTEL 7/7/7,1.0
555901258,1,PillProjectDisc59/images/CC-_O59AWMLWWMX4Z-SB50--VXHQP8K.WMV,C3PI_Test,NORTEL 7/7/7,1.0
555901258,1,PillProjectDisc74/images/CPXCTYKN7FND9NSVAU_H12POZ782A3G.JPG,C3PI_Test,NORTEL 7/7/7,1.0
555901258,1,PillProjectDisc78/images/CT_1DPDJMU8Q19FXFGPL7556!FZH027.JPG,C3PI_Test,NORTEL 7/7/7,1.0
555901258,1,PillProjectDisc84/images/CZRJR0J6KR5ONGQUR2SZ37LTFX2LVU1.JPG,C3PI_Test,NORTEL 7/7/7,1.0
555901258,1,PillProjectDisc92/images/K8BMQ6HJRZZLVHW36E_Y780J6IG_M.WMV,C3PI_Test,NORTEL 7/7/7,1.0
555901258,1,PillProjectDisc94/images/LX6G0ZUXYV-JAHCYBNIMBD7Y3_G1D0.JPG,C3PI_Test,NORTEL 7/7/7,1.0
555901258,1,PillProjectDisc97/images/ONSG-_BB1S5FGW18T7-TZZW2FH53KH.WMV,C3PI_Test,NORTEL 7/7/7,1.0
555901258,1,PillProjectDisc9/images/68GQVE49V1ZGRH23QWOK5C57JUTGM.JPG,C3PI_Test,NORTEL 7/7/7,1.0
555901258,2,PillProjectDisc101/images/S4HTWG!EQ_57XCOIMFC300Y2V2G-05.JPG,C3PI_Test,NORTEL 7/7/7,1.0
555901258,2,PillProjectDisc102/images/T1U1ZX-FDHOY0B_Q5EZY2GJVYU6IR9.JPG,C3PI_Test,NORTEL 7/7/7,1.0
555901258,2,PillProjectDisc105/images/VIUNI2MO_40F3YLNCEG78D21T0TA4B.JPG,C3PI_Test,NORTEL 7/7/7,1.0
555901258,2,PillProjectDisc109/images/ZA8XYLMJWNEBSDZHAIJUGF1K7LVDI!.JPG,C3PI_Test,NORTEL 7/7/7,1.0
555901258,2,PillProjectDisc32/images/BFI09QV75IVQ7I0FKP9871X2!YAB4VW.JPG,C3PI_Test,NORTEL 7/7/7,1.0
555901258,2,PillProjectDisc39/images/BMGQSWIC0X8SGFO-AVXB6N2HRCI_9B2.JPG,C3PI_Test,NORTEL 7/7/7,1.0
555901258,2,PillProjectDisc44/images/BQLC78F7M9R0LKJBJMDL3W4FHGSCJVH.JPG,C3PI_Test,NORTEL 7/7/7,1.0
555901258,2,PillProjectDisc44/images/BQV!X12QEWLOOS2KX8CNSB22SXSX6Z7.JPG,C3PI_Test,NORTEL 7/7/7,1.0
555901258,2,PillProjectDisc48/images/BU8_LL!3!K3YB0SUO1JXRUAW5AC_GX6.JPG,C3PI_Test,NORTEL 7/7/7,1.0
555901258,2,PillProjectDisc48/images/BUK5TM595Y93-HMQ383FDDBLHE4QLS1.JPG,C3PI_Test,NORTEL 7/7/7,1.0
555901258,2,PillProjectDisc4/images/0UV4QZIRLWHO27S_049F3PJD5WCNPU.JPG,C3PI_Test,NORTEL 7/7/7,1.0
555901258,2,PillProjectDisc70/images/CMPPUFDN-1!DOF4NA3M5J6GJ-T!IR_8.JPG,C3PI_Test,NORTEL 7/7/7,1.0
555901258,2,PillProjectDisc92/images/JNI!K127M8CWF6D1FCX8D!9WPO11-I.JPG,C3PI_Test,NORTEL 7/7/7,1.0
555901258,2,PillProjectDisc95/images/M8NXYQCVLI8-A5!U3ITHVBX8GNLCRB.JPG,C3PI_Test,NORTEL 7/7/7,1.0
555901258,2,PillProjectDisc95/images/MUN21CMGIKLTPCNWVDUG51-YUYAMME.JPG,C3PI_Test,NORTEL 7/7/7,1.0
555901258,3,PillProjectDisc106/images/W_ES9VES!_97MOF0XFBTONA1ZTGRIC.JPG,C3PI_Test,NORTEL 7/7/7,1.0
555901258,3,PillProjectDisc11/images/7S4!6J7-AYSKU9MLKTC94IFZSED0LP.JPG,C3PI_Test,NORTEL 7/7/7,1.0
555901258,3,PillProjectDisc19/images/B2XCUQ-4D76KXEB8VPJUSR6PIIQ1MSL.JPG,C3PI_Test,NORTEL 7/7/7,1.0
555901258,3,PillProjectDisc29/images/BD-GMR_R2-4XHDOZVDWSF1WHQ0GD3YU.JPG,C3PI_Test,NORTEL 7/7/7,1.0
555901258,3,PillProjectDisc3/images/0BBL6SNUEXDJZSGGUVR71_J1E0WVTN.JPG,C3PI_Test,NORTEL 7/7/7,1.0
555901258,3,PillProjectDisc44/images/BQMYAIEXZVJC7_A!Z32WGJK0YFKCYB8.JPG,C3PI_Test,NORTEL 7/7/7,1.0
555901258,3,PillProjectDisc50/images/BWX2V03U4JPM15K3__YCRVPRMHQ7!I1.JPG,C3PI_Test,NORTEL 7/7/7,1.0
555901258,3,PillProjectDisc55/images/C0RN!515SH-GGRO7QYDFYFIUGZMM7TP.JPG,C3PI_Test,NORTEL 7/7/7,1.0
555901258,3,PillProjectDisc5/images/1VQ9U0NGSCL-01MD94_0_IS3A0HI01.JPG,C3PI_Test,NORTEL 7/7/7,1.0
555901258,3,PillProjectDisc5/images/20FTMGG0J40FOUUKYH37ZAZ!EW15TT.JPG,C3PI_Test,NORTEL 7/7/7,1.0
555901258,3,PillProjectDisc68/images/CL0GEURL_X3BYHMT5I6!AP28-C44K-P.JPG,C3PI_Test,NORTEL 7/7/7,1.0
555901258,3,PillProjectDisc70/images/CM4V!Z8CHGGMUTM-Z0IG1QHU8XSUQ6Y.JPG,C3PI_Test,NORTEL 7/7/7,1.0
555901258,3,PillProjectDisc83/images/CYRWMKX8-5OJ6HL5DW0_!3QG9FEMIJ8.JPG,C3PI_Test,NORTEL 7/7/7,1.0
555901258,3,PillProjectDisc88/images/GJ1R_DEOP317DC5CPOJEK00Z!_30PP.JPG,C3PI_Test,NORTEL 7/7/7,1.0
555901258,3,PillProjectDisc97/images/OPBHPHM4P9CEI-TB-GYRY3UTZKFOCL.JPG,C3PI_Test,NORTEL 7/7/7,1.0
555901258,4,PillProjectDisc103/images/TL_!U!TY2S4H-A2GV-2CHVMGV_HNY8.JPG,C3PI_Test,NORTEL 7/7/7,1.0
555901258,4,PillProjectDisc109/images/_1!HF-LP0H5GM74E-KBR2BY6DHNWTW.JPG,C3PI_Test,NORTEL 7/7/7,1.0
555901258,4,PillProjectDisc13/images/9I-C6_T!XMNXPJ!BMIV64MZC1U25R-.JPG,C3PI_Test,NORTEL 7/7/7,1.0
555901258,4,PillProjectDisc20/images/B457PSX2DXBC65H78EQMODW-LH1R!21.JPG,C3PI_Test,NORTEL 7/7/7,1.0
555901258,4,PillProjectDisc2/images/-F92444UNUT50J42!Y-P32-EZ3FIFS.JPG,C3PI_Test,NORTEL 7/7/7,1.0
555901258,4,PillProjectDisc32/images/BFZCH-STZ-9E4AYUO_R!F82N5O!W1BK.JPG,C3PI_Test,NORTEL 7/7/7,1.0
555901258,4,PillProjectDisc37/images/BJZGXYFIBI9L_W3PFJPOI_70RHYMPAL.JPG,C3PI_Test,NORTEL 7/7/7,1.0
555901258,4,PillProjectDisc37/images/BK7WXFI5WJ!LUNBB3GI3A2RNKHHE1!Z.JPG,C3PI_Test,NORTEL 7/7/7,1.0
555901258,4,PillProjectDisc41/images/BNVRLUZ-8U0C3PI_9Y_PBA6!CY8NFHU.JPG,C3PI_Test,NORTEL 7/7/7,1.0
555901258,4,PillProjectDisc45/images/BRI59QR!B73SYP_F-IKZS2V1SUQ!WJQ.JPG,C3PI_Test,NORTEL 7/7/7,1.0
555901258,4,PillProjectDisc46/images/BSOAWA8B8-6VMLWP!54X7KXA-6CECOF.JPG,C3PI_Test,NORTEL 7/7/7,1.0
555901258,4,PillProjectDisc4/images/1HYOVU5ZKY2S6QGM34YDMYSC1VCC93.JPG,C3PI_Test,NORTEL 7/7/7,1.0
555901258,4,PillProjectDisc53/images/BY_QH6IF49BTT6RY4LXWJ83OSZ9ISDA.JPG,C3PI_Test,NORTEL 7/7/7,1.0
555901258,4,PillProjectDisc56/images/C1CEKEH79A74IMUDWK43O_8OS4Q90W1.JPG,C3PI_Test,NORTEL 7/7/7,1.0
555901258,4,PillProjectDisc67/images/CK1Q3891CRV-Q4TM2W!HE0RUG5Y-FFM.JPG,C3PI_Test,NORTEL 7/7/7,1.0
555901258,1,PillProjectDisc102/images/SRDCIZ2OQ9-39YYT8!S-H50UG9JEAQ.JPG,MC_API_NLMIMAGE_V1.3,NORTEL 7/7/7,1.0
555901258,2,PillProjectDisc56/images/C0_!7C8JV5U8AEZJ0SSY06ZNLCN5-V7.JPG,MC_API_NLMIMAGE_V1.3,NORTEL 7/7/7,1.0
555901258,3,PillProjectDisc75/images/CRTU0SXKD6X222Q4HDD44IDW_60CPI1.JPG,MC_API_NLMIMAGE_V1.3,NORTEL 7/7/7,1.0
555901258,4,PillProjectDisc49/images/BW-PS_L3XKIH839!S92!MY8IG_FO04E.JPG,MC_API_NLMIMAGE_V1.3,NORTEL 7/7/7,1.0
555901258,1,PillProjectDisc54/images/B_5KBT5NG61AMVU42U9CQYKW7EFG5Y_.JPG,MC_API_RXNAV_V1.3,NORTEL 7/7/7,1.0
555901258,2,PillProjectDisc110/images/_B!6S2HT0-4BE1Z-2U65GBPC6VR6ZM.JPG,MC_API_RXNAV_V1.3,NORTEL 7/7/7,1.0
555901258,3,PillProjectDisc54/images/B_-KEQRA8Z9_MHGWVP8MLAC3ZPU29AZ.JPG,MC_API_RXNAV_V1.3,NORTEL 7/7/7,1.0
555901258,4,PillProjectDisc9/images/6-DAESVUD79OGY83-6S36N9BNKT43B.JPG,MC_API_RXNAV_V1.3,NORTEL 7/7/7,1.0
555901258,1,PillProjectDisc13/images/B!!VVBHF084ANSI1K6K4A0EZ!SDKIK9.PNG,MC_C3PI_REFERENCE_SEG_V1.6,NORTEL 7/7/7,1.0
555901258,1,PillProjectDisc16/images/B1!9NDZ88XZ3XA4DR1JZJ9N62JQPTH4.PNG,MC_C3PI_REFERENCE_SEG_V1.6,NORTEL 7/7/7,1.0
555901258,1,PillProjectDisc21/images/B5L1-H6R96O15VGV4NRP0DR5KRPU-YT.PNG,MC_C3PI_REFERENCE_SEG_V1.6,NORTEL 7/7/7,1.0
555901258,1,PillProjectDisc23/images/B7N123B3ZF57A0LPU7_R39OLSFWZNLG.PNG,MC_C3PI_REFERENCE_SEG_V1.6,NORTEL 7/7/7,1.0
555901258,1,PillProjectDisc29/images/BD!9MP!HC6DXK00!43-TFALTXFMPGAJ.PNG,MC_C3PI_REFERENCE_SEG_V1.6,NORTEL 7/7/7,1.0
555901258,1,PillProjectDisc35/images/BIJ6RSYAO_K4IB1XM_7R183_PQMJ!83.PNG,MC_C3PI_REFERENCE_SEG_V1.6,NORTEL 7/7/7,1.0
555901258,1,PillProjectDisc63/images/CFZ_QX7M5OAU4!9Z42GU6WWGHTN-T0H.PNG,MC_C3PI_REFERENCE_SEG_V1.6,NORTEL 7/7/7,1.0
555901258,1,PillProjectDisc80/images/CVCFM3B4PL!67K921BF!G_7NVWYAN4X.PNG,MC_C3PI_REFERENCE_SEG_V1.6,NORTEL 7/7/7,1.0
555901258,2,PillProjectDisc14/images/B-02_VGCX55956!HHHX-8H6HK6V67Y2.PNG,MC_C3PI_REFERENCE_SEG_V1.6,NORTEL 7/7/7,1.0
555901258,2,PillProjectDisc17/images/B1-JZ0GA2D9-M2W2T8JO8-_69X2SXE1.PNG,MC_C3PI_REFERENCE_SEG_V1.6,NORTEL 7/7/7,1.0
555901258,2,PillProjectDisc34/images/BHGYZ4ZB0TRAV!379WNYV!VZM2XT81C.PNG,MC_C3PI_REFERENCE_SEG_V1.6,NORTEL 7/7/7,1.0
555901258,2,PillProjectDisc56/images/C1F23HQ3NIUIFC_KFINPTZ78PHV!_9Y.PNG,MC_C3PI_REFERENCE_SEG_V1.6,NORTEL 7/7/7,1.0
555901258,2,PillProjectDisc57/images/CAEDLJE4_EXKBLXYYMP1QU2CIJ5NA37.PNG,MC_C3PI_REFERENCE_SEG_V1.6,NORTEL 7/7/7,1.0
555901258,2,PillProjectDisc58/images/CB1PIIOTV7VMCK5DOZOG3H12SIWS-L_.PNG,MC_C3PI_REFERENCE_SEG_V1.6,NORTEL 7/7/7,1.0
555901258,2,PillProjectDisc7/images/3OFRM-T7TZ5G4V!TFOKPZ-318X2D-_.PNG,MC_C3PI_REFERENCE_SEG_V1.6,NORTEL 7/7/7,1.0
555901258,2,PillProjectDisc87/images/F3H3!EP1AN87G8ZZR95Q76Z1DR6WDV.PNG,MC_C3PI_REFERENCE_SEG_V1.6,NORTEL 7/7/7,1.0
555901258,3,PillProjectDisc109/images/Z_O-JBN5ACWSZZ65AEIH7O9R1ZDHOI.PNG,MC_C3PI_REFERENCE_SEG_V1.6,NORTEL 7/7/7,1.0
555901258,3,PillProjectDisc11/images/7G_B9BVPDOS_FLJQ33FIU0C617!Y0N.PNG,MC_C3PI_REFERENCE_SEG_V1.6,NORTEL 7/7/7,1.0
555901258,3,PillProjectDisc11/images/82PVIFZI35SDZQWPJASY11AL-!4X3S.PNG,MC_C3PI_REFERENCE_SEG_V1.6,NORTEL 7/7/7,1.0
555901258,3,PillProjectDisc12/images/93F!L_XDLJKJQRAP-VU80WH8BC1WLT.PNG,MC_C3PI_REFERENCE_SEG_V1.6,NORTEL 7/7/7,1.0
555901258,3,PillProjectDisc67/images/CJPNHA4L1O4WQ-FG3ZZWOSJTU6-TZRX.PNG,MC_C3PI_REFERENCE_SEG_V1.6,NORTEL 7/7/7,1.0
555901258,3,PillProjectDisc68/images/CKKVG2F_7VV3GT5!OP2K1CTQ34-LPWG.PNG,MC_C3PI_REFERENCE_SEG_V1.6,NORTEL 7/7/7,1.0
555901258,3,PillProjectDisc92/images/JVOY8QWFH17VF_FVA85_LUV!8XNGRM.PNG,MC_C3PI_REFERENCE_SEG_V1.6,NORTEL 7/7/7,1.0
555901258,3,PillProjectDisc93/images/KSB7ZROPVZG2LTDOU16U_IOQGI2S7!.PNG,MC_C3PI_REFERENCE_SEG_V1.6,NORTEL 7/7/7,1.0
555901258,4,PillProjectDisc103/images/TK61RSZ_6SEDZ4PI94JD8D04IQH5!S.PNG,MC_C3PI_REFERENCE_SEG_V1.6,NORTEL 7/7/7,1.0
555901258,4,PillProjectDisc21/images/B561_GO8GCALU5XV1059FHN4E-YCAHD.PNG,MC_C3PI_REFERENCE_SEG_V1.6,NORTEL 7/7/7,1.0
555901258,4,PillProjectDisc28/images/BBIEVH2L5C81ZHK86WBP3!U482AIM7O.PNG,MC_C3PI_REFERENCE_SEG_V1.6,NORTEL 7/7/7,1.0
555901258,4,PillProjectDisc37/images/BKRA1RN_6HUFP3F-O9!NWKRBJRRREF5.PNG,MC_C3PI_REFERENCE_SEG_V1.6,NORTEL 7/7/7,1.0
555901258,4,PillProjectDisc71/images/CN7U9G5EDFKUEE260LM1WCHNP321X_Y.PNG,MC_C3PI_REFERENCE_SEG_V1.6,NORTEL 7/7/7,1.0
555901258,4,PillProjectDisc71/images/CNHJUD0D0MQDCXKPQ0C!W!Z6L44K!RQ.PNG,MC_C3PI_REFERENCE_SEG_V1.6,NORTEL 7/7/7,1.0
555901258,4,PillProjectDisc89/images/HAJOQQ3RVRWREZ!E2UE9LV8-0O_192.PNG,MC_C3PI_REFERENCE_SEG_V1.6,NORTEL 7/7/7,1.0
555901258,4,PillProjectDisc95/images/MSXOAEB5X70K6DY4IOSH-E42Y-LAQV.PNG,MC_C3PI_REFERENCE_SEG_V1.6,NORTEL 7/7/7,1.0
555901258,1,PillProjectDisc17/images/B100LF75J6WYQN58X9BEN3D9UJ4QPBQ.JPG,MC_CHALLENGE_V1.0,NORTEL 7/7/7,1.0
555901258,1,PillProjectDisc24/images/B8J-JRL!3S2PNZ_0B7UF8PDHQVVMG7.JPG,MC_CHALLENGE_V1.0,NORTEL 7/7/7,1.0
555901258,2,PillProjectDisc48/images/BUCBPDNSF22JXR18R1DJP9AJIS7X4J5.JPG,MC_CHALLENGE_V1.0,NORTEL 7/7/7,1.0
555901258,2,PillProjectDisc9/images/6DTX9SQN49085ODG5182VOENQ23GA9.JPG,MC_CHALLENGE_V1.0,NORTEL 7/7/7,1.0
555901258,3,PillProjectDisc27/images/BASR7Y-XXM_SZT2E663LF!CZ8KNCHAQ.JPG,MC_CHALLENGE_V1.0,NORTEL 7/7/7,1.0
555901258,3,PillProjectDisc33/images/BGUR!DZF-5DL27BXSUPH53CIG0JJW48.JPG,MC_CHALLENGE_V1.0,NORTEL 7/7/7,1.0
555901258,4,PillProjectDisc107/images/X7517WBESW7XT9OOKRBBCCHSO5TA9R.JPG,MC_CHALLENGE_V1.0,NORTEL 7/7/7,1.0
555901258,4,PillProjectDisc72/images/COM-99U9BFD7MA96C_5NJ19BH!9M0FV.JPG,MC_CHALLENGE_V1.0,NORTEL 7/7/7,1.0
555901258,1,PillProjectDisc52/images/BYI914BN3WO1WLQD!!TL!H2F6TAVNAW.PNG,MC_COOKED_CALIBRATED_V1.2,NORTEL 7/7/7,1.0
555901258,1,PillProjectDisc54/images/B_TLA2GNU0_OFETB5Q-BVZPTJ3UE_DK.PNG,MC_COOKED_CALIBRATED_V1.2,NORTEL 7/7/7,1.0
555901258,1,PillProjectDisc58/images/CBU_Y1LP7IMU2-0X3BMO_-I3GXBR0XK.PNG,MC_COOKED_CALIBRATED_V1.2,NORTEL 7/7/7,1.0
555901258,1,PillProjectDisc87/images/FMECMR89ZKIEZQUZB3CPH6U7I3AUEW.PNG,MC_COOKED_CALIBRATED_V1.2,NORTEL 7/7/7,1.0
555901258,2,PillProjectDisc102/images/TE2HALOAG50AJNI-WGR1H9G7FV3FKY.PNG,MC_COOKED_CALIBRATED_V1.2,NORTEL 7/7/7,1.0
555901258,2,PillProjectDisc72/images/CO54J1_Y_0FTA5DLX2NJNT2K8_SFE0S.PNG,MC_COOKED_CALIBRATED_V1.2,NORTEL 7/7/7,1.0
555901258,2,PillProjectDisc96/images/NDHM7TUK-EKJB6K!M7BYJ83W9XWB!E.PNG,MC_COOKED_CALIBRATED_V1.2,NORTEL 7/7/7,1.0
555901258,2,PillProjectDisc96/images/NFMDTVPGCVF73H6NB0AZX7YYWPPX8W.PNG,MC_COOKED_CALIBRATED_V1.2,NORTEL 7/7/7,1.0
555901258,3,PillProjectDisc19/images/B3MFVJ-IW3CGEDOQSBA98_FD41C6SX0.PNG,MC_COOKED_CALIBRATED_V1.2,NORTEL 7/7/7,1.0
555901258,3,PillProjectDisc22/images/B63SWQZT!LQD7PP95-CTPHZ49VZP_ZO.PNG,MC_COOKED_CALIBRATED_V1.2,NORTEL 7/7/7,1.0
555901258,3,PillProjectDisc30/images/BDJ3L37HPWJ4NM62V02FYDA1H3UWQOV.PNG,MC_COOKED_CALIBRATED_V1.2,NORTEL 7/7/7,1.0
555901258,3,PillProjectDisc70/images/CMSV_HNSPQMPZII5B4G6CZ9LYWDQNM!.PNG,MC_COOKED_CALIBRATED_V1.2,NORTEL 7/7/7,1.0
555901258,4,PillProjectDisc12/images/95V0243QLEG1-WQU5UE7R_6Q9KRXTB.PNG,MC_COOKED_CALIBRATED_V1.2,NORTEL 7/7/7,1.0
555901258,4,PillProjectDisc15/images/B-2_6Q41MNN!LMD795K4_395W5HALTK.PNG,MC_COOKED_CALIBRATED_V1.2,NORTEL 7/7/7,1.0
555901258,4,PillProjectDisc33/images/BGMFKP1QCGNDWEUGXS3_-0JSC-PHGWU.PNG,MC_COOKED_CALIBRATED_V1.2,NORTEL 7/7/7,1.0
555901258,4,PillProjectDisc63/images/CFT6Z3MDXXA1ET86VOI4OVPPXC!8H_X.PNG,MC_COOKED_CALIBRATED_V1.2,NORTEL 7/7/7,1.0
555901258,1,PillProjectDisc24/images/B8COFN7YX27HAXM5JI!J!73I9FYK60K.JPG,MC_SPL_SPLIMAGE_V3.0,NORTEL 7/7/7,1.0
555901258,2,PillProjectDisc13/images/9NFJAP!CTZT7GVYNWZBPU8CXOK9DFS.JPG,MC_SPL_SPLIMAGE_V3.0,NORTEL 7/7/7,1.0
555901258,3,PillProjectDisc21/images/B5AUU979P3K5RZJN-C80LOKFFJHIQI8.JPG,MC_SPL_SPLIMAGE_V3.0,NORTEL 7/7/7,1.0
555901258,4,PillProjectDisc99/images/PYXM3DYMQ__K_DFR!B7LRJRYFJZDFS.JPG,MC_SPL_SPLIMAGE_V3.0,NORTEL 7/7/7,1.0
555903270,1,PillProjectDisc39/images/BM-E1O6QA0OX!9BRO95I872HMDYZJA5.CR2,C3PI_Reference,TRI-LEGEST Fe,2.0
555903270,1,PillProjectDisc78/images/CU-_POOZ2FWO6TBO-!XA_XVYRT7RD!2.CR2,C3PI_Reference,TRI-LEGEST Fe,2.0
555903270,2,PillProjectDisc104/images/UVLDQ!BV!_FK6QHIV7FPT4GCNBLFSO.CR2,C3PI_Reference,TRI-LEGEST Fe,2.0
555903270,2,PillProjectDisc37/images/BKAJE73J370FF7QVJEMBF1X_70M12BK.CR2,C3PI_Reference,TRI-LEGEST Fe,2.0
555903270,3,PillProjectDisc50/images/BW1WMICNMJTAVBH!H-Y_7QM9IK6DS0K.CR2,C3PI_Reference,TRI-LEGEST Fe,2.0
555903270,3,PillProjectDisc59/images/CCM0O4MJOUD446BE-FKU45ET_TNDWBB.CR2,C3PI_Reference,TRI-LEGEST Fe,2.0
555903270,4,PillProjectDisc10/images/7!U5OIAL6W!52!L488NFS4OZ9B86QM.CR2,C3PI_Reference,TRI-LEGEST Fe,2.0
555903270,4,PillProjectDisc33/images/BGYQPEADBQG679-3TOR_CT_J5P-RX0G.CR2,C3PI_Reference,TRI-LEGEST Fe,2.0
555903270,1,PillProjectDisc100/images/RD!!_DSSUFBB3KP!1401-EZFDN6IAV.JPG,C3PI_Test,TRI-LEGEST Fe,2.0
555903270,1,PillProjectDisc101/images/S428UY3RAL6T_KG646M_95QHTXOOAA.JPG,C3PI_Test,TRI-LEGEST Fe,2.0
555903270,1,PillProjectDisc19/images/B34FMJUU7T6CK3TFAT050_MUO8TSJ!B.WMV,C3PI_Test,TRI-LEGEST Fe,2.0
555903270,1,PillProjectDisc28/images/BC9OUX0CO17_UYYMBEF1DV06RC7F6RP.JPG,C3PI_Test,TRI-LEGEST Fe,2.0
555903270,1,PillProjectDisc31/images/BEWMRQ_NPLHHDK!MFNS8JOAX44ABDE1.WMV,C3PI_Test,TRI-LEGEST Fe,2.0
555903270,1,PillProjectDisc37/images/BJXUZNMA7I9Z7AIAB6CHB4AR4LOT-7T.JPG,C3PI_Test,TRI-LEGEST Fe,2.0
555903270,1,PillProjectDisc41/images/BNZ7PJI8PDPJ-FOD7F2C8FZJHTMBY3G.JPG,C3PI_Test,TRI-LEGEST Fe,2.0
555903270,1,PillProjectDisc44/images/BQGRSPT50ZQFIY3N5BTEA1N2A15GOTP.WMV,C3PI_Test,TRI-LEGEST Fe,2.0
555903270,1,PillProjectDisc47/images/BTTVQEXJ9YR0BS4MW21DW06UZOAL_Y0.JPG,C3PI_Test,TRI-LEGEST Fe,2.0
555903270,1,PillProjectDisc4/images/18LGZVCYY_UK8S1Q8K3NZ7KF8IGY!F.JPG,C3PI_Test,TRI-LEGEST Fe,2.0
555903270,1,PillProjectDisc54/images/B_0CA6J0VBHS7YL0ENODJFE4-Z_BEZE.JPG,C3PI_Test,TRI-LEGEST Fe,2.0
555903270,1,PillProjectDisc60/images/CD9!APBF5LF5DSSU_0OP3SK9O9VYH9.WMV,C3PI_Test,TRI-LEGEST Fe,2.0
555903270,1,PillProjectDisc6/images/39VNNF5H8ZW75MZID6E5KTLZIA1N7S.JPG,C3PI_Test,TRI-LEGEST Fe,2.0
555903270,1,PillProjectDisc78/images/CTNA3_7DPMAX073D0E-J1E!K6UIC-JR.JPG,C3PI_Test,TRI-LEGEST Fe,2.0
555903270,1,PillProjectDisc81/images/CWFW3SHS8!UEZ4B-_AHDJP6PU55YQFZ.JPG,C3PI_Test,TRI-LEGEST Fe,2.0
555903270,1,PillProjectDisc81/images/CWIS!-U6RWPQOPFKOJ!LNQ2R9KHS!MR.JPG,C3PI_Test,TRI-LEGEST Fe,2.0
555903270,1,PillProjectDisc86/images/DYN7UVH940K!XMEW_93IMPKRB9A5F9.JPG,C3PI_Test,TRI-LEGEST Fe,2.0
555903270,1,PillProjectDisc98/images/P6V6IK78FB4E733QBK_QK7S__UXHY-.JPG,C3PI_Test,TRI-LEGEST Fe,2.0
555903270,1,PillProjectDisc9/images/5PA594B3P!DHN8P__T5-WIM4ZKV2AF.JPG,C3PI_Test,TRI-LEGEST Fe,2.0
555903270,2,PillProjectDisc105/images/VET8BXED0AU8_KA2JXTVV5XSF65-37.JPG,C3PI_Test,TRI-LEGEST Fe,2.0
555903270,2,PillProjectDisc110/images/_H115N1O1W3ZV_SHC_E5S99Z75NSUD.JPG,C3PI_Test,TRI-LEGEST Fe,2.0
555903270,2,PillProjectDisc20/images/B3SUKKXGNJTP1_73O1!VW1YD-QGVK5W.JPG,C3PI_Test,TRI-LEGEST Fe,2.0
555903270,2,PillProjectDisc20/images/B40_U5NHFDYMR5GC8!8QF0R88B1YBFQ.JPG,C3PI_Test,TRI-LEGEST Fe,2.0
555903270,2,PillProjectDisc21/images/B56HK95OBMUA1CW23YTCHBK5RAJI048.JPG,C3PI_Test,TRI-LEGEST Fe,2.0
555903270,2,PillProjectDisc24/images/B7_73Q!T69S6LGGRXHEPM2WPAM0QDDF.JPG,C3PI_Test,TRI-LEGEST Fe,2.0
555903270,2,PillProjectDisc31/images/BESZHK7YWHMHKFS!IYKZ3P6YE0M6-PZ.JPG,C3PI_Test,TRI-LEGEST Fe,2.0
555903270,2,PillProjectDisc37/images/BK0PM1DS806UO9UFQ!!FY2N95ZXJR9M.JPG,C3PI_Test,TRI-LEGEST Fe,2.0
555903270,2,PillProjectDisc40/images/BM_-0-SO9AX8AZRCT!04SF!84AUAS3L.JPG,C3PI_Test,TRI-LEGEST Fe,2.0
555903270,2,PillProjectDisc51/images/BXZ0A-B7I6HCT-PTFBWEZ6Z97HV5OBT.JPG,C3PI_Test,TRI-LEGEST Fe,2.0
555903270,2,PillProjectDisc52/images/BY79AS9_H3IDOA7CVOU98HNLOX4P6R4.JPG,C3PI_Test,TRI-LEGEST Fe,2.0
555903270,2,PillProjectDisc5/images/229L5ITG2S8DW2GSUG1CPVRGH7P_7Z.JPG,C3PI_Test,TRI-LEGEST Fe,2.0
555903270,2,PillProjectDisc64/images/CGOFY-NPF3DWN071DBK4R2_TXQ7V8NS.JPG,C3PI_Test,TRI-LEGEST Fe,2.0
555903270,2,PillProjectDisc76/images/CSOGZF!S8WRGMCQC64G1QV3WY2RXNCL.JPG,C3PI_Test,TRI-LEGEST Fe,2.0
555903270,2,PillProjectDisc99/images/QJN4AJY7IXH-0QMJKQ_LR7YC_Z1SWG.JPG,C3PI_Test,TRI-LEGEST Fe,2.0
555903270,3,PillProjectDisc102/images/T-_1E-_1S25UX5!RIFLC61TIM6ASCW.JPG,C3PI_Test,TRI-LEGEST Fe,2.0
555903270,3,PillProjectDisc12/images/8KRGVVRJ1H43FRTVVRHQR9C9RW4RQR.JPG,C3PI_Test,TRI-LEGEST Fe,2.0
555903270,3,PillProjectDisc27/images/BAJPLYH!08-WU8MAAH-PDGDARQ85JB3.JPG,C3PI_Test,TRI-LEGEST Fe,2.0
555903270,3,PillProjectDisc30/images/BDXFZ5H0WPM1T_O!SFDLUVNLQ0U2!3Z.JPG,C3PI_Test,TRI-LEGEST Fe,2.0
555903270,3,PillProjectDisc35/images/BIMT3KINZ4H2LX385Y1F01BVXM7RFYP.JPG,C3PI_Test,TRI-LEGEST Fe,2.0
555903270,3,PillProjectDisc45/images/BS!9OQREUF_7AIHCKFH511PG3Y0M9PP.JPG,C3PI_Test,TRI-LEGEST Fe,2.0
555903270,3,PillProjectDisc4/images/14WDGK1C8CYR85I-B-HQJR50P4R5QW.JPG,C3PI_Test,TRI-LEGEST Fe,2.0
555903270,3,PillProjectDisc54/images/B_!6SKVEF5L_--NYZF!RNSHWHR1VC5J.JPG,C3PI_Test,TRI-LEGEST Fe,2.0
555903270,3,PillProjectDisc57/images/CASCN_I2W--NQFY!ENYG0UBY4F-9DJ-.JPG,C3PI_Test,TRI-LEGEST Fe,2.0
555903270,3,PillProjectDisc58/images/CBM6B62JV6PLAYSB09NNDYI7D6QLJ4!.JPG,C3PI_Test,TRI-LEGEST Fe,2.0
555903270,3,PillProjectDisc58/images/CBO53YRYM65INU84BCT6260A2Y17GTK.JPG,C3PI_Test,TRI-LEGEST Fe,2.0
555903270,3,PillProjectDisc65/images/CHJA-R_AZ2KC3G7LV_IWML50C!UFB0E.JPG,C3PI_Test,TRI-LEGEST Fe,2.0
555903270,3,PillProjectDisc70/images/CM5CLJNRID_TOWKTC94AU0R6Y_P6H06.JPG,C3PI_Test,TRI-LEGEST Fe,2.0
555903270,3,PillProjectDisc76/images/CS3NYA2!BS1ISRN2WU20IPOYZNRAULU.JPG,C3PI_Test,TRI-LEGEST Fe,2.0
555903270,3,PillProjectDisc83/images/CYS1IVBN9BB5XQP7VP3-XZ3HBAJTXK5.JPG,C3PI_Test,TRI-LEGEST Fe,2.0
555903270,3,PillProjectDisc87/images/FE27DAHXEG7E8G_6MJGME7MK21MI__.JPG,C3PI_Test,TRI-LEGEST Fe,2.0
555903270,3,PillProjectDisc92/images/JXQH_PWPK4N0B0E6AOLYHK333QRP3K.JPG,C3PI_Test,TRI-LEGEST Fe,2.0
555903270,4,PillProjectDisc26/images/B9_-YL5B86A!2D0S9JV6-UZFD3F58F2.JPG,C3PI_Test,TRI-LEGEST Fe,2.0
555903270,4,PillProjectDisc32/images/BF8A53QP9-YW_S3SZKT686D6NPGAFQ7.JPG,C3PI_Test,TRI-LEGEST Fe,2.0
555903270,4,PillProjectDisc32/images/BFYSIA4YHL7GMBK-YZM686SUG6BIFTR.JPG,C3PI_Test,TRI-LEGEST Fe,2.0
555903270,4,PillProjectDisc43/images/BQ09-VEHKRPEGU7T5WRCO0Z6SGADJW4.JPG,C3PI_Test,TRI-LEGEST Fe,2.0
555903270,4,PillProjectDisc49/images/BVD08FTCGWXMQBF0GCVKX2JV_1ZCUOE.JPG,C3PI_Test,TRI-LEGEST Fe,2.0
555903270,4,PillProjectDisc50/images/BWFGUDNZ36FCMBVQS3Z4LX8OVJSNWO.JPG,C3PI_Test,TRI-LEGEST Fe,2.0
555903270,4,PillProjectDisc56/images/C1W9ZHXMXFJAYK_Q6RCE1PORXTTB34C.JPG,C3PI_Test,TRI-LEGEST Fe,2.0
555903270,4,PillProjectDisc59/images/CCIJLU1_BB9LL-AFF93O9CILQOSD5CF.JPG,C3PI_Test,TRI-LEGEST Fe,2.0
555903270,4,PillProjectDisc70/images/CMGXOXX9ICC97XWXJRQU536K5WFQUX-.JPG,C3PI_Test,TRI-LEGEST Fe,2.0
555903270,4,PillProjectDisc77/images/CSW7!2OI0SG65C6DPVUBOG20J1PC-L7.JPG,C3PI_Test,TRI-LEGEST Fe,2.0
555903270,4,PillProjectDisc79/images/CUJJAUNT9ENLD9HKRPQW10CP0U7NF78.JPG,C3PI_Test,TRI-LEGEST Fe,2.0
555903270,4,PillProjectDisc82/images/CXZTM!GYO0NLO3_0!X4IMCD7!SQ792M.JPG,C3PI_Test,TRI-LEGEST Fe,2.0
555903270,4,PillProjectDisc94/images/LLIEWBW5AB8N4EI6QZ748IXJ_!GUNT.JPG,C3PI_Test,TRI-LEGEST Fe,2.0
555903270,4,PillProjectDisc98/images/P3JMSVYX262!HTGQKOVX5SIUW9ZCUF.JPG,C3PI_Test,TRI-LEGEST Fe,2.0
555903270,4,PillProjectDisc9/images/628ZL6H1ZTL3!BVYO0A7Y--E93Z4Z-.JPG,C3PI_Test,TRI-LEGEST Fe,2.0
555903270,1,PillProjectDisc10/images/7-UZK9UIGDQAHEGLPZ5!HYONW5F16L.JPG,MC_API_NLMIMAGE_V1.3,TRI-LEGEST Fe,2.0
555903270,2,PillProjectDisc25/images/B8X_G2QZ4ZX4YO!4C9ELGO33KMJMJNJ.JPG,MC_API_NLMIMAGE_V1.3,TRI-LEGEST Fe,2.0
555903270,3,PillProjectDisc81/images/CWI5MRMXHVS5EPW-JDSSIOW4!!-2YXF.JPG,MC_API_NLMIMAGE_V1.3,TRI-LEGEST Fe,2.0
555903270,4,PillProjectDisc102/images/T0QKHLGWAYZ0J5QCFRR05BUYMQ_006.JPG,MC_API_NLMIMAGE_V1.3,TRI-LEGEST Fe,2.0
555903270,1,PillProjectDisc22/images/B69A3I2VO7YKU3L91J6J2RN6-7MIOCI.JPG,MC_API_RXNAV_V1.3,TRI-LEGEST Fe,2.0
555903270,2,PillProjectDisc84/images/CZ3ISF8VDYE7VDSMU2J1LLEB!ZD6W5H.JPG,MC_API_RXNAV_V1.3,TRI-LEGEST Fe,2.0
555903270,3,PillProjectDisc46/images/BS_0TBW80SLD-K2EFI393G6FX5FUJOZ.JPG,MC_API_RXNAV_V1.3,TRI-LEGEST Fe,2.0
555903270,4,PillProjectDisc48/images/BU81-58KV1DJRO_O1S9TWIAMI6!YFI-.JPG,MC_API_RXNAV_V1.3,TRI-LEGEST Fe,2.0
555903270,1,PillProjectDisc109/images/ZIDEH4YE22KD2JSK8403031MIA_KVF.PNG,MC_C3PI_REFERENCE_SEG_V1.6,TRI-LEGEST Fe,2.0
555903270,1,PillProjectDisc27/images/BALE295APXWVXXG50WS!C6LH_1AXLW!.PNG,MC_C3PI_REFERENCE_SEG_V1.6,TRI-LEGEST Fe,2.0
555903270,1,PillProjectDisc32/images/BFWK-WWWMWH8NGJ-PR-DLDUFE1A1Q3D.PNG,MC_C3PI_REFERENCE_SEG_V1.6,TRI-LEGEST Fe,2.0
555903270,1,PillProjectDisc62/images/CEPT5UJ5UQWIC__RO0DGU_HT!JA0X9S.PNG,MC_C3PI_REFERENCE_SEG_V1.6,TRI-LEGEST Fe,2.0
555903270,1,PillProjectDisc63/images/CG0D69505KRCNU82DCXDUTM!-GA-C_6.PNG,MC_C3PI_REFERENCE_SEG_V1.6,TRI-LEGEST Fe,2.0
555903270,1,PillProjectDisc67/images/CJEP!E92JSBZBOJ060AKAB5_81P_-6D.PNG,MC_C3PI_REFERENCE_SEG_V1.6,TRI-LEGEST Fe,2.0
555903270,1,PillProjectDisc98/images/PQPBYJ7XNBQ!R5M6J6AVXE5JHCCZ-0.PNG,MC_C3PI_REFERENCE_SEG_V1.6,TRI-LEGEST Fe,2.0
555903270,1,PillProjectDisc99/images/QAPQFIS4J8856RRTFYDRXVQ1ZHP44O.PNG,MC_C3PI_REFERENCE_SEG_V1.6,TRI-LEGEST Fe,2.0
555903270,2,PillProjectDisc105/images/VJ65TJ-B-FX42N7N1PKSL6DQ9W5JGV.PNG,MC_C3PI_REFERENCE_SEG_V1.6,TRI-LEGEST Fe,2.0
555903270,2,PillProjectDisc20/images/B4Q1KN93AWI77_VZNBKQL9JW2!B2SBC.PNG,MC_C3PI_REFERENCE_SEG_V1.6,TRI-LEGEST Fe,2.0
555903270,2,PillProjectDisc23/images/B7OJOGAAX8!HEMEDPQQ!H9YUJA4NYSW.PNG,MC_C3PI_REFERENCE_SEG_V1.6,TRI-LEGEST Fe,2.0
555903270,2,PillProjectDisc56/images/C1BXX_5ML!GKSYSQP_QAEP3BQ7RTHFE.PNG,MC_C3PI_REFERENCE_SEG_V1.6,TRI-LEGEST Fe,2.0
555903270,2,PillProjectDisc58/images/CBCW!LYFWGO4SCK3XUOPR962!67J8V.PNG,MC_C3PI_REFERENCE_SEG_V1.6,TRI-LEGEST Fe,2.0
555903270,2,PillProjectDisc60/images/CDK!CXU6G7HM3A4LK8NR011_7EQ964D.PNG,MC_C3PI_REFERENCE_SEG_V1.6,TRI-LEGEST Fe,2.0
555903270,2,PillProjectDisc62/images/CEQWF0DD76X_G2X8Q!QGU-FPOZNQDD_.PNG,MC_C3PI_REFERENCE_SEG_V1.6,TRI-LEGEST Fe,2.0
555903270,2,PillProjectDisc65/images/CHURL6ABBUXC_7UJM9OLHU4788A7QER.PNG,MC_C3PI_REFERENCE_SEG_V1.6,TRI-LEGEST Fe,2.0
555903270,3,PillProjectDisc19/images/B3G!5PR0LT-9M6DZT96-3_CDQWAL0FD.PNG,MC_C3PI_REFERENCE_SEG_V1.6,TRI-LEGEST Fe,2.0
555903270,3,PillProjectDisc22/images/B6GEOLT2-NNHCF4U4T_S0R7ZR4_L!C3.PNG,MC_C3PI_REFERENCE_SEG_V1.6,TRI-LEGEST Fe,2.0
555903270,3,PillProjectDisc36/images/BJT-N8M!C61GKMG7AHKM3JDT21KNRVS.PNG,MC_C3PI_REFERENCE_SEG_V1.6,TRI-LEGEST Fe,2.0
555903270,3,PillProjectDisc42/images/BOM_IJWUHI2!4FRZV_R_1ZP3V6QX75O.PNG,MC_C3PI_REFERENCE_SEG_V1.6,TRI-LEGEST Fe,2.0
555903270,3,PillProjectDisc47/images/BTZX-0592IWOAXUW--9Z05M_B5ZS!R.PNG,MC_C3PI_REFERENCE_SEG_V1.6,TRI-LEGEST Fe,2.0
555903270,3,PillProjectDisc82/images/CXLX0G-2U6K0P3PX9N6JGB0PKZFEOJR.PNG,MC_C3PI_REFERENCE_SEG_V1.6,TRI-LEGEST Fe,2.0
555903270,3,PillProjectDisc89/images/HAF!7SCE4XJR41IRN3GHZHOEHX1OT2.PNG,MC_C3PI_REFERENCE_SEG_V1.6,TRI-LEGEST Fe,2.0
555903270,3,PillProjectDisc98/images/OY6WG8ONZI625-J9ZM_1Z4SDYJYV2D.PNG,MC_C3PI_REFERENCE_SEG_V1.6,TRI-LEGEST Fe,2.0
555903270,4,PillProjectDisc100/images/QTXF_OWO03LJ6NKOW4XKACV95CZ0Y0.PNG,MC_C3PI_REFERENCE_SEG_V1.6,TRI-LEGEST Fe,2.0
555903270,4,PillProjectDisc102/images/T6-0X7-AYTD!MLA5O1RTDPE61-M-T2.PNG,MC_C3PI_REFERENCE_SEG_V1.6,TRI-LEGEST Fe,2.0
555903270,4,PillProjectDisc13/images/9Z9PHT5CMZB00P2M7L8PTOZ0GBBF4R.PNG,MC_C3PI_REFERENCE_SEG_V1.6,TRI-LEGEST Fe,2.0
555903270,4,PillProjectDisc41/images/BNSW571IIK012!OQT2RX4PGG_9-VN6B.PNG,MC_C3PI_REFERENCE_SEG_V1.6,TRI-LEGEST Fe,2.0
555903270,4,PillProjectDisc53/images/BZ0E-4F_WR-XO7WL_KQ1D-OBVMMQAAC.PNG,MC_C3PI_REFERENCE_SEG_V1.6,TRI-LEGEST Fe,2.0
555903270,4,PillProjectDisc64/images/CGI2IG2229YULY-51W88DMHSNWWJ64W.PNG,MC_C3PI_REFERENCE_SEG_V1.6,TRI-LEGEST Fe,2.0
555903270,4,PillProjectDisc80/images/CVFAKZG1JQCBEDOWMXLUNNW2M-CZZR9.PNG,MC_C3PI_REFERENCE_SEG_V1.6,TRI-LEGEST Fe,2.0
555903270,4,PillProjectDisc99/images/Q5N6OFUH9TVYBJGC6O98KV76XX7SZZ.PNG,MC_C3PI_REFERENCE_SEG_V1.6,TRI-LEGEST Fe,2.0
555903270,1,PillProjectDisc64/images/CGUH4ZGUK4UV241KPXR5QAVQBX8-5XC.JPG,MC_CHALLENGE_V1.0,TRI-LEGEST Fe,2.0
555903270,1,PillProjectDisc76/images/CSFH3OKR8AOHLTKP-JE_3MT5KHSID5I.JPG,MC_CHALLENGE_V1.0,TRI-LEGEST Fe,2.0
555903270,2,PillProjectDisc14/images/B!YAQK9ON1S7201YNFLV55Z2H!!6X0X.JPG,MC_CHALLENGE_V1.0,TRI-LEGEST Fe,2.0
555903270,2,PillProjectDisc48/images/BUD0RIB83U_JT_IW7XU--7I6JYQGNQ.JPG,MC_CHALLENGE_V1.0,TRI-LEGEST Fe,2.0
555903270,3,PillProjectDisc5/images/255YB2!5SM-ZUHIXHCEXLMB9LJ4INM.JPG,MC_CHALLENGE_V1.0,TRI-LEGEST Fe,2.0
555903270,3,PillProjectDisc7/images/3ZUXY20V2PTUMU7VL4GU-BR0QHZH6Q.JPG,MC_CHALLENGE_V1.0,TRI-LEGEST Fe,2.0
555903270,4,PillProjectDisc31/images/BERI2TKFPKFR0GMX3GA7FTGFY2Z6!48.JPG,MC_CHALLENGE_V1.0,TRI-LEGEST Fe,2.0
555903270,4,PillProjectDisc32/images/BFW50RRAVLS7BZJX7HNT2P7OQN6PG1F.JPG,MC_CHALLENGE_V1.0,TRI-LEGEST Fe,2.0
555903270,1,PillProjectDisc105/images/VQ8ATNVUW449R!SPS5NR3SQ_HD1JPP.PNG,MC_COOKED_CALIBRATED_V1.2,TRI-LEGEST Fe,2.0
555903270,1,PillProjectDisc40/images/BMRB9W5XAS98KIFF4-1_3-Q-EX2GD!0.PNG,MC_COOKED_CALIBRATED_V1.2,TRI-LEGEST Fe,2.0
555903270,1,PillProjectDisc88/images/GBTPIZDT_W-6F2DVQD-UVMWOC2VGTV.PNG,MC_COOKED_CALIBRATED_V1.2,TRI-LEGEST Fe,2.0
555903270,1,PillProjectDisc95/images/MYHN6I_TX!HCLO5!OYA!6KQVJR!GQ2.PNG,MC_COOKED_CALIBRATED_V1.2,TRI-LEGEST Fe,2.0
555903270,2,PillProjectDisc26/images/BA0E5MI3C2YYS350F-RJGZVX!FA8KFF.PNG,MC_COOKED_CALIBRATED_V1.2,TRI-LEGEST Fe,2.0
555903270,2,PillProjectDisc34/images/BHU7A2BX8PRIA8BCZHTP_6CTYRQZ8GX.PNG,MC_COOKED_CALIBRATED_V1.2,TRI-LEGEST Fe,2.0
555903270,2,PillProjectDisc3/images/0QK_0OQXGOF_2BXBKKVZL3RYP-3D-A.PNG,MC_COOKED_CALIBRATED_V1.2,TRI-LEGEST Fe,2.0
555903270,2,PillProjectDisc99/images/QIT2IP6Q5LS6DDP5FB49A6119DW4K4.PNG,MC_COOKED_CALIBRATED_V1.2,TRI-LEGEST Fe,2.0
555903270,3,PillProjectDisc110/images/_CF82ENK7174DARNG7C63T5JAFDBII.PNG,MC_COOKED_CALIBRATED_V1.2,TRI-LEGEST Fe,2.0
555903270,3,PillProjectDisc48/images/BUQ!V89FEPYXBL5FOXF19LHVNZEOZ18.PNG,MC_COOKED_CALIBRATED_V1.2,TRI-LEGEST Fe,2.0
555903270,3,PillProjectDisc63/images/CFSU2BT4NWC0F6_O!67OUINX4B6K!-Q.PNG,MC_COOKED_CALIBRATED_V1.2,TRI-LEGEST Fe,2.0
555903270,3,PillProjectDisc92/images/JT86YTWUNCCL4P!G52PEDTAS4CIAMY.PNG,MC_COOKED_CALIBRATED_V1.2,TRI-LEGEST Fe,2.0
555903270,4,PillProjectDisc32/images/BFO-WC67V1Q8_-DU3CHC2GAAYELU0VU.PNG,MC_COOKED_CALIBRATED_V1.2,TRI-LEGEST Fe,2.0
555903270,4,PillProjectDisc36/images/BJJBVQB2WU3ED-J4RN_MMESX99F8DMO.PNG,MC_COOKED_CALIBRATED_V1.2,TRI-LEGEST Fe,2.0
555903270,4,PillProjectDisc52/images/BY3EZW1UA8RJQ6UPX4DES5NJWT!X!FW.PNG,MC_COOKED_CALIBRATED_V1.2,TRI-LEGEST Fe,2.0
555903270,4,PillProjectDisc83/images/CY_62KQ-S97C5PKHPWD2!1HKLL53PMD.PNG,MC_COOKED_CALIBRATED_V1.2,TRI-LEGEST Fe,2.0
555903270,1,PillProjectDisc92/images/JTYMA83!6P1UV2IQMAOJ7V!DWBJ434.JPG,MC_SPL_SPLIMAGE_V3.0,TRI-LEGEST Fe,2.0
555903270,2,PillProjectDisc32/images/BFB7JN2EC8X838D6MXRQ_MF5I!8U2GK.JPG,MC_SPL_SPLIMAGE_V3.0,TRI-LEGEST Fe,2.0
555903270,3,PillProjectDisc15/images/B-HSXRL_LQ2DIN5E-2!5NOQERJQVCRN.JPG,MC_SPL_SPLIMAGE_V3.0,TRI-LEGEST Fe,2.0
555903270,4,PillProjectDisc50/images/BWVMF60R5C-718YFIE-TEUXETDREFUU.JPG,MC_SPL_SPLIMAGE_V3.0,TRI-LEGEST Fe,2.0
52544029128,1,PillProjectDisc5/images/2LAXE9VDU2L_QODF7BFLHP5ZWUKBFE.CR2,C3PI_Reference,TRIVORA TAB,3.0
52544029128,1,PillProjectDisc95/images/MIMQSD5EYZ7F_785BXGCMQ8T9R1V-Q.CR2,C3PI_Reference,TRIVORA TAB,3.0
52544029128,2,PillProjectDisc55/images/C094S1JU--2VO4K87KBVFH!G7HKY3N1.CR2,C3PI_Reference,TRIVORA TAB,3.0
52544029128,2,PillProjectDisc86/images/EIVXTYNHIFD550Q9SZ2RR3!!Y5MDDB.CR2,C3PI_Reference,TRIVORA TAB,3.0
52544029128,3,PillProjectDisc15/images/B-MUD7O_BIL4-5Y3PZFR8T2C08!-4C1.CR2,C3PI_Reference,TRIVORA TAB,3.0
52544029128,3,PillProjectDisc46/images/BSIYOE34FD5SRJ9Q8ZMVIY6MUJA7FDA.CR2,C3PI_Reference,TRIVORA TAB,3.0
52544029128,4,PillProjectDisc13/images/9F_PZG9QZNSRIZ-W87IK7LN6GQ-_JT.CR2,C3PI_Reference,TRIVORA TAB,3.0
52544029128,4,PillProjectDisc21/images/B56N61NM8UIBTLWS1WCXCZP--9R6X6O.CR2,C3PI_Reference,TRIVORA TAB,3.0
52544029128,1,PillProjectDisc100/images/RCP108ZHB29!34J_YWI58FY!SB4UV2.JPG,C3PI_Test,TRIVORA TAB,3.0
52544029128,1,PillProjectDisc101/images/RTFL6FA2RNB1L9LZDIWQEFK9J5OH_C.JPG,C3PI_Test,TRIVORA TAB,3.0
52544029128,1,PillProjectDisc101/images/SIJRUV8DN3SU5MRQ0VEBM4_8SP15Q9.JPG,C3PI_Test,TRIVORA TAB,3.0
52544029128,1,PillProjectDisc106/images/WN4W0BI89C!MMI2TTII85KJC5YV1KO.WMV,C3PI_Test,TRIVORA TAB,3.0
52544029128,1,PillProjectDisc14/images/B!VQ0PGBTQKLMS2BJF8H87A!993M40W.JPG,C3PI_Test,TRIVORA TAB,3.0
52544029128,1,PillProjectDisc16/images/B0!US3PL505Y1DL!0C-5M947!QF--Q2.JPG,C3PI_Test,TRIVORA TAB,3.0
52544029128,1,PillProjectDisc18/images/B2CVBM_3RCAIWNX4PI22FPPECVIUOHZ.JPG,C3PI_Test,TRIVORA TAB,3.0
52544029128,1,PillProjectDisc21/images/B51OO77TSFA5V06R0TC_DPTBH2C6O9E.WMV,C3PI_Test,TRIVORA TAB,3.0
52544029128,1,PillProjectDisc24/images/B7Z-J_VJ8O332M4017K-MLIK2UA0PFF.JPG,C3PI_Test,TRIVORA TAB,3.0
52544029128,1,PillProjectDisc27/images/BB7Q9-FREOML4GD5DJSSSRCBQTY6DP6.JPG,C3PI_Test,TRIVORA TAB,3.0
52544029128,1,PillProjectDisc41/images/BNURM!02J49RPN6PAP3BH7I4OMVQ6Y1.JPG,C3PI_Test,TRIVORA TAB,3.0
52544029128,1,PillProjectDisc41/images/BO5CFEJR9PWS6XNVE02E618EW5T_1T.JPG,C3PI_Test,TRIVORA TAB,3.0
52544029128,1,PillProjectDisc48/images/BU737RB34FSDEW2AJRL_WH843!T0NP0.WMV,C3PI_Test,TRIVORA TAB,3.0
52544029128,1,PillProjectDisc52/images/BYXMTFOXLJSMYIE9YGPKP7JBD0IUV_H.JPG,C3PI_Test,TRIVORA TAB,3.0
52544029128,1,PillProjectDisc53/images/BZV8F5BVZW82RMN2GVJ0R5FI4Q742ST.JPG,C3PI_Test,TRIVORA TAB,3.0
52544029128,1,PillProjectDisc58/images/CAYC0BRHWXDDAJR59U9YN4THQKZ7N04.JPG,C3PI_Test,TRIVORA TAB,3.0
52544029128,1,PillProjectDisc62/images/CF2P9W5U0HOJVOV0JTQ9XTT9!SNQ4GR.WMV,C3PI_Test,TRIVORA TAB,3.0
52544029128,1,PillProjectDisc67/images/CJF82IEKW_!H_XHYBAVS-1AW77A_35.JPG,C3PI_Test,TRIVORA TAB,3.0
52544029128,1,PillProjectDisc72/images/COPBD4ZD58_OR!_WNO!ET-!P-BA703O.JPG,C3PI_Test,TRIVORA TAB,3.0
52544029128,1,PillProjectDisc77/images/CT!PT_!YD4PPBUDA7UM-QGY9E078YNV.JPG,C3PI_Test,TRIVORA TAB,3.0
52544029128,1,PillProjectDisc96/images/NP_BB0VB2OL5JA6-S3B7154QLITW7G.JPG,C3PI_Test,TRIVORA TAB,3.0
52544029128,2,PillProjectDisc101/images/RZR6-0E8LF4F-8AJUS37UD1PNG9IFO.JPG,C3PI_Test,TRIVORA TAB,3.0
52544029128,2,PillProjectDisc105/images/VI69AU9NV6A9GLMNU!AROECO94FIJG.JPG,C3PI_Test,TRIVORA TAB,3.0
52544029128,2,PillProjectDisc105/images/VT-2H4ZA0EK83CDJUFE_BP!VFL5L4K.JPG,C3PI_Test,TRIVORA TAB,3.0
52544029128,2,PillProjectDisc110/images/_TQ3UG22X1-YPO0HOWC___BNZSK9UX.JPG,C3PI_Test,TRIVORA TAB,3.0
52544029128,2,PillProjectDisc14/images/B!GSADG5IA6_H7NZRVGA!XTQIQWG45H.JPG,C3PI_Test,TRIVORA TAB,3.0
52544029128,2,PillProjectDisc16/images/B0I0ZAZC0_JWC4IAEM3H-G-GMHNA_M4.JPG,C3PI_Test,TRIVORA TAB,3.0
52544029128,2,PillProjectDisc25/images/B8X2R60QQGZPZR8_NW1RHKP2NO-BXYC.JPG,C3PI_Test,TRIVORA TAB,3.0
52544029128,2,PillProjectDisc50/images/BWBHNESBD1KZSTL10XBQPJWVUA-OB62.JPG,C3PI_Test,TRIVORA TAB,3.0
52544029128,2,PillProjectDisc53/images/BZFDURF7MJO!HZKA03T81MNO0GFUC17.JPG,C3PI_Test,TRIVORA TAB,3.0
52544029128,2,PillProjectDisc57/images/CA-DAK!VRS8KMNGP7ORO7KIT02KLBCL.JPG,C3PI_Test,TRIVORA TAB,3.0
52544029128,2,PillProjectDisc61/images/CEM_2TMZCQ3E3ZITES-WNNI6OW90LF0.JPG,C3PI_Test,TRIVORA TAB,3.0
52544029128,2,PillProjectDisc79/images/CUZXMH!UJT!7TB0EUO_3SLOQQGL6ZI.JPG,C3PI_Test,TRIVORA TAB,3.0
52544029128,2,PillProjectDisc80/images/CW213QMXG99D_-A3O7Z93D-!AIZI5XT.JPG,C3PI_Test,TRIVORA TAB,3.0
52544029128,2,PillProjectDisc95/images/MQE-YSXZIZT7YBGQJQYZ3M2LM04MNE.JPG,C3PI_Test,TRIVORA TAB,3.0
52544029128,2,PillProjectDisc96/images/NEN5U4IHK-IK!BHJDAIXYM2K-W3KD6.JPG,C3PI_Test,TRIVORA TAB,3.0
52544029128,2,PillProjectDisc96/images/NM5AWYRVPEZO228XVV1C9KPK89WR0H.JPG,C3PI_Test,TRIVORA TAB,3.0
52544029128,2,PillProjectDisc99/images/QB3JSRO!9TLK-5_I!-UW2PJT55N9QD.JPG,C3PI_Test,TRIVORA TAB,3.0
52544029128,3,PillProjectDisc106/images/WO-WMKQAOYY!J31I--_GRM5KHLH_8!.JPG,C3PI_Test,TRIVORA TAB,3.0
52544029128,3,PillProjectDisc108/images/Y3XP0H6N9K07S-IR5DHGVSHFJ48ZZT.JPG,C3PI_Test,TRIVORA TAB,3.0
52544029128,3,PillProjectDisc12/images/8K!2PP6X9DPU8-!02__6E_ZLHBOF_7.JPG,C3PI_Test,TRIVORA TAB,3.0
52544029128,3,PillProjectDisc25/images/B9GTQ1QO0L61AX!B6-0KM2G0O02OU8K.JPG,C3PI_Test,TRIVORA TAB,3.0
52544029128,3,PillProjectDisc34/images/BH01JWHW_0B55-L20TYNMJXCD4!LUE0.JPG,C3PI_Test,TRIVORA TAB,3.0
52544029128,3,PillProjectDisc39/images/BMJ2LC5W8UOCJ0-8ZVRZZH-4V8-HQ2!.JPG,C3PI_Test,TRIVORA TAB,3.0
52544029128,3,PillProjectDisc41/images/BO-UEP!PDU4M32TKNKRNENSH1I-5KMI.JPG,C3PI_Test,TRIVORA TAB,3.0
52544029128,3,PillProjectDisc51/images/BXXMXE-ROLM78!3!!HFBB1TORUTEL49.JPG,C3PI_Test,TRIVORA TAB,3.0
52544029128,3,PillProjectDisc56/images/C1ZZJOTV!8OW54ZDTTAXT8CMXHONNE8.JPG,C3PI_Test,TRIVORA TAB,3.0
52544029128,3,PillProjectDisc59/images/CCC-X2J4LHQN6QFW2_K9ZIP5SXFY87E.JPG,C3PI_Test,TRIVORA TAB,3.0
52544029128,3,PillProjectDisc78/images/CTQ4T42TCD_AM4WCV95_78USAH7COS7.JPG,C3PI_Test,TRIVORA TAB,3.0
52544029128,3,PillProjectDisc82/images/CXUW!NMPVF_C3W9_BN5QISXRG3_05CP.JPG,C3PI_Test,TRIVORA TAB,3.0
52544029128,3,PillProjectDisc86/images/DXN7NMZ1-7I7SQHJQLRHTOMT9M2T5-.JPG,C3PI_Test,TRIVORA TAB,3.0
52544029128,3,PillProjectDisc86/images/E7TC3I4JDETTMV0VK7ZC3LCJLX42A-.JPG,C3PI_Test,TRIVORA TAB,3.0
52544029128,3,PillProjectDisc89/images/HJY22N1K6OLUFR9CES_RJJJD3W8R2P.JPG,C3PI_Test,TRIVORA TAB,3.0
52544029128,3,PillProjectDisc92/images/JOQWLMYOWP4RM7N-UHI45K!CYNOJCS.JPG,C3PI_Test,TRIVORA TAB,3.0
52544029128,3,PillProjectDisc95/images/MABV!H4O7006363I5NG9PSEQZA0HXU.JPG,C3PI_Test,TRIVORA TAB,3.0
52544029128,4,PillProjectDisc100/images/RPWO80RYHY8OTZJE--0SCYNKLW8Y-F.JPG,C3PI_Test,TRIVORA TAB,3.0
52544029128,4,PillProjectDisc109/images/ZUH55EYLXNXX!KIFOSXB-LRTB0H9A-.JPG,C3PI_Test,TRIVORA TAB,3.0
52544029128,4,PillProjectDisc22/images/B68E3QL9NV4EQZ32O2XH66MP53KJ9B6.JPG,C3PI_Test,TRIVORA TAB,3.0
52544029128,4,PillProjectDisc29/images/BCC!4M8XG0G56FMI-!85LAG!SN0Z__S.JPG,C3PI_Test,TRIVORA TAB,3.0
52544029128,4,PillProjectDisc3/images/0S2AWO6HW_7ANID0-TV3!HHT_HZJJF.JPG,C3PI_Test,TRIVORA TAB,3.0
52544029128,4,PillProjectDisc45/images/BS2SB20M6MZ60GXR4VD767CQ-HVT7A8.JPG,C3PI_Test,TRIVORA TAB,3.0
52544029128,4,PillProjectDisc49/images/BVMV-ODMP9UIB1!PXGZYX!1MGSMVI5M.JPG,C3PI_Test,TRIVORA TAB,3.0
52544029128,4,PillProjectDisc51/images/BXCDKVTUW1OI740XTC8PPN2SF!S3BDO.JPG,C3PI_Test,TRIVORA TAB,3.0
52544029128,4,PillProjectDisc57/images/CAHY-6OXVZHS932OSMF3Z-19V5MJ24E.JPG,C3PI_Test,TRIVORA TAB,3.0
52544029128,4,PillProjectDisc58/images/CBFEHEWRU7!1UNUIKYZ9HC5NJ1H7DZE.JPG,C3PI_Test,TRIVORA TAB,3.0
52544029128,4,PillProjectDisc78/images/CU6TX52VZTE7Y0REUOE88CB6ZO75M7B.JPG,C3PI_Test,TRIVORA TAB,3.0
52544029128,4,PillProjectDisc7/images/3VUNEFN6E7!!OSBW--ZYOIL8JGT_MA.JPG,C3PI_Test,TRIVORA TAB,3.0
52544029128,4,PillProjectDisc88/images/GL8WE1AYUM7XX25PQGMIZMN!D4AYO7.JPG,C3PI_Test,TRIVORA TAB,3.0
52544029128,4,PillProjectDisc8/images/58!QNY65OCSMRHKRGO0C!Y97O3E!G6.JPG,C3PI_Test,TRIVORA TAB,3.0
52544029128,4,PillProjectDisc8/images/5F892KPBANRLS!-HSW6OHY-RBQUH0S.JPG,C3PI_Test,TRIVORA TAB,3.0
52544029128,4,PillProjectDisc99/images/Q94J0XGIAYO_GU8JQ!0M_EG6TG7DWD.JPG,C3PI_Test,TRIVORA TAB,3.0
52544029128,4,PillProjectDisc9/images/6F32P2AR8U1W2H9D0HAWW18P632O2D.JPG,C3PI_Test,TRIVORA TAB,3.0
52544029128,1,PillProjectDisc13/images/9YQ4QS45!LJOVQGC2R8OAVFN9X-4BV.PNG,MC_C3PI_REFERENCE_SEG_V1.6,TRIVORA TAB,3.0
52544029128,1,PillProjectDisc39/images/BM3IPHLP-TG5VM_TO05JXU1KO70YMV0.PNG,MC_C3PI_REFERENCE_SEG_V1.6,TRIVORA TAB,3.0
52544029128,1,PillProjectDisc60/images/CD4VEME!ZKA0QMR2_8QOC2OBHY2J5P_.PNG,MC_C3PI_REFERENCE_SEG_V1.6,TRIVORA TAB,3.0
52544029128,1,PillProjectDisc67/images/CJGLU9U7UQ4JL5VULL0798BFNF4X3NR.PNG,MC_C3PI_REFERENCE_SEG_V1.6,TRIVORA TAB,3.0
52544029128,1,PillProjectDisc76/images/CRXNW4NPL-1NN9DM5FMXAW_ZU6HSC4O.PNG,MC_C3PI_REFERENCE_SEG_V1.6,TRIVORA TAB,3.0
52544029128,1,PillProjectDisc77/images/CSTVNS_TVCA0XGUNV9OU4A71F4PU9V.PNG,MC_C3PI_REFERENCE_SEG_V1.6,TRIVORA TAB,3.0
52544029128,1,PillProjectDisc87/images/FBQCP-35EEY7YKS0USBZ88HFT915TA.PNG,MC_C3PI_REFERENCE_SEG_V1.6,TRIVORA TAB,3.0
52544029128,1,PillProjectDisc96/images/N!7JMZXL590B07XR938WLA4-SO5JDF.PNG,MC_C3PI_REFERENCE_SEG_V1.6,TRIVORA TAB,3.0
52544029128,2,PillProjectDisc103/images/TF_VM3VUHQW_PCA1EWZ6D9UFL4MXA2.PNG,MC_C3PI_REFERENCE_SEG_V1.6,TRIVORA TAB,3.0
52544029128,2,PillProjectDisc104/images/UP!59TR0!FO6IFBHIVT9Y92SH7XM80.PNG,MC_C3PI_REFERENCE_SEG_V1.6,TRIVORA TAB,3.0
52544029128,2,PillProjectDisc108/images/Z25K4DNCQ-Q_!4ZZM6J-F-IF-O-IP7.PNG,MC_C3PI_REFERENCE_SEG_V1.6,TRIVORA TAB,3.0
52544029128,2,PillProjectDisc13/images/9YE6WSDXV5!ZSB74CI_QH1MYXO-XR_.PNG,MC_C3PI_REFERENCE_SEG_V1.6,TRIVORA TAB,3.0
52544029128,2,PillProjectDisc33/images/BGDUF7N1ABQWRVRK!EB_NDQD_6L4UPV.PNG,MC_C3PI_REFERENCE_SEG_V1.6,TRIVORA TAB,3.0
52544029128,2,PillProjectDisc66/images/CIDIRE42CK_IUC7QJZ-D!LOMOHZD4HE.PNG,MC_C3PI_REFERENCE_SEG_V1.6,TRIVORA TAB,3.0
52544029128,2,PillProjectDisc92/images/K43C3R7BVIQYNPNL!J0AMBX0ZTQAFO.PNG,MC_C3PI_REFERENCE_SEG_V1.6,TRIVORA TAB,3.0
52544029128,2,PillProjectDisc93/images/L56T-6MY8SHOWCIGARKN_AAULAAWBY.PNG,MC_C3PI_REFERENCE_SEG_V1.6,TRIVORA TAB,3.0
52544029128,3,PillProjectDisc27/images/BAUH400CLLSGEPLHVUADQOST!KV2T_R.PNG,MC_C3PI_REFERENCE_SEG_V1.6,TRIVORA TAB,3.0
52544029128,3,PillProjectDisc3/images/-V_ZY-VG9SLZ2WOCZWJLQW-5HXFIG-.PNG,MC_C3PI_REFERENCE_SEG_V1.6,TRIVORA TAB,3.0
52544029128,3,PillProjectDisc46/images/BS75N4QOWY63A0_DG!Y9SO5_0ZAZ746.PNG,MC_C3PI_REFERENCE_SEG_V1.6,TRIVORA TAB,3.0
52544029128,3,PillProjectDisc47/images/BTP24DUZ0KHHKMBY1ZWJLPXX!_X188B.PNG,MC_C3PI_REFERENCE_SEG_V1.6,TRIVORA TAB,3.0
52544029128,3,PillProjectDisc76/images/CSCVIHA85GU3UZHF63HR93EQ-P-VH_U.PNG,MC_C3PI_REFERENCE_SEG_V1.6,TRIVORA TAB,3.0
52544029128,3,PillProjectDisc84/images/CZK180WZSRZKO3NHB63P_UELXZJB7A3.PNG,MC_C3PI_REFERENCE_SEG_V1.6,TRIVORA TAB,3.0
52544029128,3,PillProjectDisc88/images/GG62X2YODUQ0B8E_C2H_Q9K55ND9YA.PNG,MC_C3PI_REFERENCE_SEG_V1.6,TRIVORA TAB,3.0
52544029128,3,PillProjectDisc94/images/LPWTQBP97TNTPL7EWKQSS!!27A9VBD.PNG,MC_C3PI_REFERENCE_SEG_V1.6,TRIVORA TAB,3.0
52544029128,4,PillProjectDisc21/images/B581RTAOIOUY2UL93_ZPGLRF0M-BOR7.PNG,MC_C3PI_REFERENCE_SEG_V1.6,TRIVORA TAB,3.0
52544029128,4,PillProjectDisc24/images/B7WGVUA3MH7WPTEHJC5WABCTWAKAO7-.PNG,MC_C3PI_REFERENCE_SEG_V1.6,TRIVORA TAB,3.0
52544029128,4,PillProjectDisc31/images/BEB32E24SV4BMZNEYD1XMKCQZ48S5_U.PNG,MC_C3PI_REFERENCE_SEG_V1.6,TRIVORA TAB,3.0
52544029128,4,PillProjectDisc32/images/BFSF240-P3W99RL0D7_LDYB6K!L6AL9.PNG,MC_C3PI_REFERENCE_SEG_V1.6,TRIVORA TAB,3.0
52544029128,4,PillProjectDisc37/images/BJZWIZYJND9_6OEAEF4-FHJDUMW30F5.PNG,MC_C3PI_REFERENCE_SEG_V1.6,TRIVORA TAB,3.0
52544029128,4,PillProjectDisc43/images/BQ8ASHHKYHCH98RXUCTDB2ZQKHOO4BK.PNG,MC_C3PI_REFERENCE_SEG_V1.6,TRIVORA TAB,3.0
52544029128,4,PillProjectDisc44/images/BQWMJM4N2!UDCIJEG-BFM85LV4N0I77.PNG,MC_C3PI_REFERENCE_SEG_V1.6,TRIVORA TAB,3.0
52544029128,4,PillProjectDisc5/images/2N5E8VYR84V24NIZLKNA0D9OGMFVP-.PNG,MC_C3PI_REFERENCE_SEG_V1.6,TRIVORA TAB,3.0
52544029128,1,PillProjectDisc107/images/XNDW1CSTN-W4RR7TG71BWSQ4XZAQFO.JPG,MC_CHALLENGE_V1.0,TRIVORA TAB,3.0
52544029128,1,PillProjectDisc77/images/CTESAFD33PYFEM-E1R8-2YZO--M6P-W.JPG,MC_CHALLENGE_V1.0,TRIVORA TAB,3.0
52544029128,2,PillProjectDisc35/images/BINKC759!LUX01-CA9E3BB6P-BE83_Z.JPG,MC_CHALLENGE_V1.0,TRIVORA TAB,3.0
52544029128,2,PillProjectDisc56/images/C3B-94!26KVAUVCJKHVD_D!Z75YV5N.JPG,MC_CHALLENGE_V1.0,TRIVORA TAB,3.0
52544029128,3,PillProjectDisc40/images/BNBFU51ZOX5DMD42GPFW9TF7YFBH634.JPG,MC_CHALLENGE_V1.0,TRIVORA TAB,3.0
52544029128,3,PillProjectDisc50/images/BWDQF!MHV7YCJ_ON8WRGLL9F9WOH8PN.JPG,MC_CHALLENGE_V1.0,TRIVORA TAB,3.0
52544029128,4,PillProjectDisc43/images/BQ3S152GVLY2H4ZEX6YYPIR39BMHYIN.JPG,MC_CHALLENGE_V1.0,TRIVORA TAB,3.0
52544029128,4,PillProjectDisc74/images/CQIB5NS7YZ4QWF3HIMQISNCXUO2R4K8.JPG,MC_CHALLENGE_V1.0,TRIVORA TAB,3.0
52544029128,1,PillProjectDisc33/images/BGB9CV6DAP3K-S7ZT8NJEY!P0CG59XN.PNG,MC_COOKED_CALIBRATED_V1.2,TRIVORA TAB,3.0
52544029128,1,PillProjectDisc39/images/BMKIBDT3FXGB5A9WMAXCTCT8EEVDU1Z.PNG,MC_COOKED_CALIBRATED_V1.2,TRIVORA TAB,3.0
52544029128,1,PillProjectDisc56/images/C91RJI0G1U73S9RKVQUCCDKZ!QESHX.PNG,MC_COOKED_CALIBRATED_V1.2,TRIVORA TAB,3.0
52544029128,1,PillProjectDisc93/images/L5-3NVJNMI1AY20GQ1A3328OMA!KAA.PNG,MC_COOKED_CALIBRATED_V1.2,TRIVORA TAB,3.0
52544029128,2,PillProjectDisc2/images/-P7VSDW43NF3C0UI339G1FHN0JTKM_.PNG,MC_COOKED_CALIBRATED_V1.2,TRIVORA TAB,3.0
52544029128,2,PillProjectDisc38/images/BKVC03PY08F48!D39S91LVE71JDGV0H.PNG,MC_COOKED_CALIBRATED_V1.2,TRIVORA TAB,3.0
52544029128,2,PillProjectDisc38/images/BLH6JPN2L3WPE7UR8YB575V8MP_BD0Y.PNG,MC_COOKED_CALIBRATED_V1.2,TRIVORA TAB,3.0
52544029128,2,PillProjectDisc38/images/BLPJ4!0XFMGEWQ!2SG8MI11INVVI2IO.PNG,MC_COOKED_CALIBRATED_V1.2,TRIVORA TAB,3.0
52544029128,3,PillProjectDisc57/images/CA!6IAHCT5GBJ2THZ-CEN9C-LY0W_RY.PNG,MC_COOKED_CALIBRATED_V1.2,TRIVORA TAB,3.0
52544029128,3,PillProjectDisc60/images/CDD!Q8B6RWQJ-!W_2H8OQA7KWFAYL6H.PNG,MC_COOKED_CALIBRATED_V1.2,TRIVORA TAB,3.0
52544029128,3,PillProjectDisc89/images/H6IQ6T5WGQ97LJI96AGLVL-8_NNSK7.PNG,MC_COOKED_CALIBRATED_V1.2,TRIVORA TAB,3.0
52544029128,3,PillProjectDisc8/images/53I!UTTI!SJWVH7I6GB7UM51VAKMB0.PNG,MC_COOKED_CALIBRATED_V1.2,TRIVORA TAB,3.0
52544029128,4,PillProjectDisc107/images/XY!4IB1WI08P5J7EK3P0FEPV-!7WDD.PNG,MC_COOKED_CALIBRATED_V1.2,TRIVORA TAB,3.0
52544029128,4,PillProjectDisc17/images/B1WSKOVEWSB0S6H_OGIZIEIBJ29ASO9.PNG,MC_COOKED_CALIBRATED_V1.2,TRIVORA TAB,3.0
52544029128,4,PillProjectDisc24/images/B7R7LX0T18A25SZJTQUYD4-G3STKYAS.PNG,MC_COOKED_CALIBRATED_V1.2,TRIVORA TAB,3.0
52544029128,4,PillProjectDisc57/images/CACA3BD62E0IN00SZ4T6QRS3IH4OZ1R.PNG,MC_COOKED_CALIBRATED_V1.2,TRIVORA TAB,3.0
63459070160,1,PillProjectDisc34/images/BG__HQBI15!CV742-30_M9LLP3V9S_I.CR2,C3PI_Reference,AMRIX CAP 30MG,4.0
63459070160,1,PillProjectDisc49/images/BVKUEYGNQN!UJJBOUR0XO-_K7LAVN3N.CR2,C3PI_Reference,amrix,4.0
63459070160,1,PillProjectDisc7/images/44-_5RW3T40PWDUMX9CPE7QEE0JR22.CR2,C3PI_Reference,AMRIX CAP 30MG,4.0
63459070160,1,PillProjectDisc89/images/H0IR4V9O3HTIDWGIUCSZO5VJBWV0IF.CR2,C3PI_Reference,amrix,4.0
63459070160,1,PillProjectDisc101/images/SD1JTMSH4HEHIE0!6XQ63OJK46_J0G.JPG,C3PI_Test,amrix,4.0
63459070160,1,PillProjectDisc103/images/TVI5UATNQ3BHSTQV0SI2FNK8WGT27W.JPG,C3PI_Test,AMRIX CAP 30MG,4.0
63459070160,1,PillProjectDisc104/images/V52V7ZOOBYQ5R694!1BM0A-1V_SUCI.JPG,C3PI_Test,AMRIX CAP 30MG,4.0
63459070160,1,PillProjectDisc105/images/VI!0MJ90F_25Y5CR_YFDV8MB96FPIV.JPG,C3PI_Test,AMRIX CAP 30MG,4.0
63459070160,1,PillProjectDisc106/images/WS1K_CDF9G!VRD57I1_6K6SHZ5144L.JPG,C3PI_Test,AMRIX CAP 30MG,4.0
63459070160,1,PillProjectDisc108/images/Z39-Z8RPMG1592HZA7I0QTEZW0C-OQ.JPG,C3PI_Test,AMRIX CAP 30MG,4.0
63459070160,1,PillProjectDisc109/images/Z8HA_MT5YMKR6D3UCW03VX6ZR4DHI_.JPG,C3PI_Test,AMRIX CAP 30MG,4.0
63459070160,1,PillProjectDisc109/images/ZXKWE_LWP5XNC7HDNOB140S-JVLFTW.JPG,C3PI_Test,AMRIX CAP 30MG,4.0
63459070160,1,PillProjectDisc109/images/ZZXL6JT_3S4_HS6CCNSEF67FAQLX98.JPG,C3PI_Test,AMRIX CAP 30MG,4.0
63459070160,1,PillProjectDisc10/images/7DS1010E8UKE890!-PPJN58F8DKF_K.JPG,C3PI_Test,AMRIX CAP 30MG,4.0
63459070160,1,PillProjectDisc13/images/9_1794_3WWE4G15130PCKM0X1EH0WY.JPG,C3PI_Test,AMRIX CAP 30MG,4.0
63459070160,1,PillProjectDisc13/images/9O2BWJ7IAOBTGU_7O8I5HAJNCM2PRK.JPG,C3PI_Test,AMRIX CAP 30MG,4.0
63459070160,1,PillProjectDisc13/images/9WY_RSRGD!YPLI7Y-UZKT7Q-JQA!9F.JPG,C3PI_Test,amrix,4.0
63459070160,1,PillProjectDisc14/images/B-288-VLWKIH0NU-1JXG7DUCEXTK1!7.JPG,C3PI_Test,AMRIX CAP 30MG,4.0
63459070160,1,PillProjectDisc16/images/B032WSE!BNZINZ0BXGADCU0ZFZU-XJM.JPG,C3PI_Test,AMRIX CAP 30MG,4.0
63459070160,1,PillProjectDisc16/images/B0NZ06JUV!JK5F7!CMH3BUX2J!B9!SV.JPG,C3PI_Test,AMRIX CAP 30MG,4.0
63459070160,1,PillProjectDisc18/images/B2LX!4WK0ZU0-B6LTO53W0!W7F02ZMN.JPG,C3PI_Test,AMRIX CAP 30MG,4.0
63459070160,1,PillProjectDisc19/images/B3AAEU4X2EFDFWAZM0CEWUGWHAKIXA7.JPG,C3PI_Test,AMRIX CAP 30MG,4.0
63459070160,1,PillProjectDisc19/images/B3L7FBNU2GIQOT7!3HRMHCGVX-ZK95W.JPG,C3PI_Test,amrix,4.0
63459070160,1,PillProjectDisc20/images/B3Y!AL5OYY52NV0805KJZP8Z2UYBVW7.JPG,C3PI_Test,AMRIX CAP 30MG,4.0
63459070160,1,PillProjectDisc21/images/B54IKROWY_0K5F-DK7551Z1RKIAM8RE.JPG,C3PI_Test,AMRIX CAP 30MG,4.0
63459070160,1,PillProjectDisc22/images/B6AONZEOD7FZX9VTT6FH-TUTUE-6C0Y.JPG,C3PI_Test,AMRIX CAP 30MG,4.0
63459070160,1,PillProjectDisc24/images/B8JBYPKSLV-KC3NSLVA47!P2E6WL9DS.JPG,C3PI_Test,AMRIX CAP 30MG,4.0
63459070160,1,PillProjectDisc25/images/B9AQYZ9B0CFHW5OMZF4K6CGJGX7JMO1.JPG,C3PI_Test,AMRIX CAP 30MG,4.0
63459070160,1,PillProjectDisc26/images/BA61MZJBQVB932_Y-L2ON-1QW14A0X.WMV,C3PI_Test,AMRIX CAP 30MG,4.0
63459070160,1,PillProjectDisc27/images/BAQ-ISFAP7NGAV4OV73WXAY0T77AAFS.JPG,C3PI_Test,AMRIX CAP 30MG,4.0
63459070160,1,PillProjectDisc30/images/BD_FVF!OE79SR2SVB3XREBGQMCOYPY4.JPG,C3PI_Test,AMRIX CAP 30MG,4.0
63459070160,1,PillProjectDisc30/images/BDJKI7R4LCJVAJLIMH0VL7XY44-7-Z1.JPG,C3PI_Test,AMRIX CAP 30MG,4.0
63459070160,1,PillProjectDisc31/images/BEK_Y4RYU7ZL1WL4W73DBIKIL837OIF.JPG,C3PI_Test,AMRIX CAP 30MG,4.0
63459070160,1,PillProjectDisc32/images/BFJUGE_WF9ERB9MDB7_G!8MURG7H2I5.JPG,C3PI_Test,AMRIX CAP 30MG,4.0
63459070160,1,PillProjectDisc33/images/BGPOZ5E61UETBGXYSX_GF0VU5BRKSRZ.JPG,C3PI_Test,amrix,4.0
63459070160,1,PillProjectDisc33/images/BGXDG0DS-435PS09NONYVMM8AL105XY.JPG,C3PI_Test,amrix,4.0
63459070160,1,PillProjectDisc34/images/BH4NFPM71-Z499_UB1KQ89ZPSM1WZ3_.JPG,C3PI_Test,AMRIX CAP 30MG,4.0
63459070160,1,PillProjectDisc34/images/BHUG10OI26T1BFSIQ0-U249PBAQ16E3.JPG,C3PI_Test,AMRIX CAP 30MG,4.0
63459070160,1,PillProjectDisc36/images/BJJ6WU-M0XNT9Z7GQFW51STREVAAH1W.JPG,C3PI_Test,AMRIX CAP 30MG,4.0
63459070160,1,PillProjectDisc3/images/0GDB2HFAKBBU4V2P7QQ3WBSQ!XCZCQ.JPG,C3PI_Test,AMRIX CAP 30MG,4.0
63459070160,1,PillProjectDisc3/images/-_-GKLO1RYZR-99FP3KB-!TEZUM8E!.JPG,C3PI_Test,amrix,4.0
63459070160,1,PillProjectDisc40/images/BNFPJS3-5O-JBWF!THBE0PQI5OD!O58.JPG,C3PI_Test,AMRIX CAP 30MG,4.0
63459070160,1,PillProjectDisc41/images/BOBFYVW!XEGRN54I5T0FYLZ0VL2FPKY.JPG,C3PI_Test,AMRIX CAP 30MG,4.0
63459070160,1,PillProjectDisc45/images/BRJACFSCOK5GJY4NI3_SH!J4IXHYNP_.JPG,C3PI_Test,AMRIX CAP 30MG,4.0
63459070160,1,PillProjectDisc45/images/BRKBBND6KNMFDIRK85_33GNH6WGXL0O.JPG,C3PI_Test,AMRIX CAP 30MG,4.0
63459070160,1,PillProjectDisc47/images/BTYZUR2KOW_KX7NRG600RIWJTYQ134A.JPG,C3PI_Test,AMRIX CAP 30MG,4.0
63459070160,1,PillProjectDisc4/images/0XZN1BR0UAH8YIGF9SIIT0_FI_1QYJ.JPG,C3PI_Test,amrix,4.0
63459070160,1,PillProjectDisc4/images/1JZ6YP-JRH38Z1UJCACYM6SBXVE33X.JPG,C3PI_Test,AMRIX CAP 30MG,4.0
63459070160,1,PillProjectDisc50/images/BW6XHZE6FH8F-70WMP5MVFOTCMGCCP8.JPG,C3PI_Test,AMRIX CAP 30MG,4.0
63459070160,1,PillProjectDisc50/images/BX!5_WGKDSL0AW9B0XM_G-HWUSUFTZX.JPG,C3PI_Test,AMRIX CAP 30MG,4.0
63459070160,1,PillProjectDisc52/images/BY0ZJTH0GRV50UK742S167E2FYKXB_I.JPG,C3PI_Test,amrix,4.0
63459070160,1,PillProjectDisc53/images/BZ0TJD8QI_!0JZP1QGDEE0E-LDUN5NH.JPG,C3PI_Test,AMRIX CAP 30MG,4.0
63459070160,1,PillProjectDisc53/images/BZHO0Z3L99T84965WS_AE1NWBYQBHG3.JPG,C3PI_Test,AMRIX CAP 30MG,4.0
63459070160,1,PillProjectDisc57/images/CA8LDUZV2G38OCNZLQPPXF7Y-MHQZ-C.WMV,C3PI_Test,amrix,4.0
63459070160,1,PillProjectDisc57/images/CAS5V9_E52BEF20RCG95R_A76FMGM4!.JPG,C3PI_Test,AMRIX CAP 30MG,4.0
63459070160,1,PillProjectDisc59/images/CCTC_0U686LGKU54IW!HS22WBMJY_UM.JPG,C3PI_Test,amrix,4.0
63459070160,1,PillProjectDisc5/images/20ONXFQQZ3HX02_OBTSJ7JPOOY0-44.JPG,C3PI_Test,amrix,4.0
63459070160,1,PillProjectDisc62/images/CEWT9SG83DZJ-DUTV47XQ!!8BV0AKZ0.JPG,C3PI_Test,amrix,4.0
63459070160,1,PillProjectDisc62/images/CF!_470-7-WJINS!Y7KDLKYUDHE7FPD.JPG,C3PI_Test,AMRIX CAP 30MG,4.0
63459070160,1,PillProjectDisc63/images/CFSVIXC46AER8QRR3NL3FVGNNA0M6I6.JPG,C3PI_Test,AMRIX CAP 30MG,4.0
63459070160,1,PillProjectDisc63/images/CFUIV1F!QJY0_A1Q_0!EAD33CPALVW.JPG,C3PI_Test,amrix,4.0
63459070160,1,PillProjectDisc64/images/CGESETTCDW61M4SPOTRQ4ZCP6LGZMXL.JPG,C3PI_Test,AMRIX CAP 30MG,4.0
63459070160,1,PillProjectDisc64/images/CGH-72KC2G!4!I0QUMU7A_-E25NJUCT.JPG,C3PI_Test,AMRIX CAP 30MG,4.0
63459070160,1,PillProjectDisc64/images/CGO6FSF1HCHL-UIUG2!-KWX569T1A0_.JPG,C3PI_Test,amrix,4.0
63459070160,1,PillProjectDisc66/images/CJ2G64SCYYMJXFN2_8LTZK3HDYGZ0L!.JPG,C3PI_Test,AMRIX CAP 30MG,4.0
63459070160,1,PillProjectDisc69/images/CLO4PZFYPBLRG23YK4HGIV3AM606ZVY.JPG,C3PI_Test,AMRIX CAP 30MG,4.0
63459070160,1,PillProjectDisc69/images/CLZB30AN3Y-ML2!SN88J5KKN!329DIL.JPG,C3PI_Test,AMRIX CAP 30MG,4.0
63459070160,1,PillProjectDisc70/images/CMLSQNAU7OI0BYT!SZ_J7PXSV2QARFF.JPG,C3PI_Test,AMRIX CAP 30MG,4.0
63459070160,1,PillProjectDisc71/images/CNINX1LYO70HJ2NP7L3FYDTMRGSZJ6T.JPG,C3PI_Test,AMRIX CAP 30MG,4.0
63459070160,1,PillProjectDisc71/images/CNTHZIS-ZXSCQ9DN4DUX1VFVD_NFW6K.JPG,C3PI_Test,amrix,4.0
63459070160,1,PillProjectDisc72/images/COBMAVCVH41ZTXCHHOYPJ4AH!MILU3B.JPG,C3PI_Test,AMRIX CAP 30MG,4.0
63459070160,1,PillProjectDisc75/images/CRIJXWO!TC1L5F_H-G436IFCTVTRBK4.JPG,C3PI_Test,AMRIX CAP 30MG,4.0
63459070160,1,PillProjectDisc75/images/CRN9K13DBJLV9R!VCE8L0N47JFI314I.JPG,C3PI_Test,AMRIX CAP 30MG,4.0
63459070160,1,PillProjectDisc76/images/CSP50NR5ND8AWTKQHU!WYRS_70B9RE2.JPG,C3PI_Test,amrix,4.0
63459070160,1,PillProjectDisc78/images/CTL9T877-ATB01PVLR3G1ZH-QPY9B2M.JPG,C3PI_Test,AMRIX CAP 30MG,4.0
63459070160,1,PillProjectDisc79/images/CUFSWKN4BZA6JNGPLU2G7GDWB0XPVRK.JPG,C3PI_Test,AMRIX CAP 30MG,4.0
63459070160,1,PillProjectDisc79/images/CUICEFHP1_UE_K5VOWC1-QV5JQ7LFNO.JPG,C3PI_Test,AMRIX CAP 30MG,4.0
63459070160,1,PillProjectDisc79/images/CUK06E0QUA!Z8GHRK-AJGFGJRGG5V63.JPG,C3PI_Test,AMRIX CAP 30MG,4.0
63459070160,1,PillProjectDisc79/images/CULP8DR7GDVOQ2RPPLIQ8XZI00Z29FK.JPG,C3PI_Test,AMRIX CAP 30MG,4.0
63459070160,1,PillProjectDisc7/images/475E960QJ5SD-KC4E!9M0!S6D0ZGPC.JPG,C3PI_Test,AMRIX CAP 30MG,4.0
63459070160,1,PillProjectDisc80/images/CVB4A-7J!JPW054DZ1DAGSYJGN9!93!.JPG,C3PI_Test,AMRIX CAP 30MG,4.0
63459070160,1,PillProjectDisc80/images/CVKOJK8QXT6CC5!EGRWD2FAMUGWQM33.JPG,C3PI_Test,AMRIX CAP 30MG,4.0
63459070160,1,PillProjectDisc84/images/CZ89RTLA5AWS20_547JG-MPNF39ZUN0.JPG,C3PI_Test,AMRIX CAP 30MG,4.0
63459070160,1,PillProjectDisc86/images/E7WRG!I7GN6ZYVAMRF9Y7MTDV0CXUG.JPG,C3PI_Test,AMRIX CAP 30MG,4.0
63459070160,1,PillProjectDisc86/images/EJIN2BY8VHZY589TP2K-IFO6RT43EV.JPG,C3PI_Test,AMRIX CAP 30MG,4.0
63459070160,1,PillProjectDisc86/images/EPK0WO1Q-CSDVQN6SWZQBK8GT15AZH.JPG,C3PI_Test,AMRIX CAP 30MG,4.0
63459070160,1,PillProjectDisc87/images/EV!1748D_O7Q9LZW52-DO5-FVCAMD9.JPG,C3PI_Test,AMRIX CAP 30MG,4.0
63459070160,1,PillProjectDisc88/images/FT!JNKBKPDGYY6SA-CGCSMK_!M-W5!.JPG,C3PI_Test,AMRIX CAP 30MG,4.0
63459070160,1,PillProjectDisc88/images/GANDW-DZD8ZIS7_6TQXZCCP2OET227.JPG,C3PI_Test,AMRIX CAP 30MG,4.0
63459070160,1,PillProjectDisc89/images/GTD20SCBJ0-EYTZ-L7WUH1U7W!F1DV.JPG,C3PI_Test,AMRIX CAP 30MG,4.0
63459070160,1,PillProjectDisc89/images/H7L85O4ITH1D0ATQHYHR!_VJENMBN!.JPG,C3PI_Test,amrix,4.0
63459070160,1,PillProjectDisc90/images/HMPB8CXU-3R7HOLFA2FY_TBBLJKJPQ.JPG,C3PI_Test,AMRIX CAP 30MG,4.0
63459070160,1,PillProjectDisc90/images/HZJDDUSXPMFHGLZ59ROXCF3KWKE!H.JPG,C3PI_Test,AMRIX CAP 30MG,4.0
63459070160,1,PillProjectDisc90/images/HZQDRGZUNNVSOGJF2U2I2U!TQ!LW9L.JPG,C3PI_Test,AMRIX CAP 30MG,4.0
63459070160,1,PillProjectDisc94/images/LE8U1OOL7_HEI_A4SW!9P!WHJXTIPL.JPG,C3PI_Test,AMRIX CAP 30MG,4.0
63459070160,1,PillProjectDisc94/images/LYZ7KD-YN10QUTCKQEMWP7VOT_9C9A.JPG,C3PI_Test,AMRIX CAP 30MG,4.0
63459070160,1,PillProjectDisc95/images/M1O952-5XBATMHAG-1DB!9VXZP42Z!.JPG,C3PI_Test,AMRIX CAP 30MG,4.0
63459070160,1,PillProjectDisc95/images/MC3Z5PM5JOS-LQUPNARY-_VOKO2ST9.JPG,C3PI_Test,AMRIX CAP 30MG,4.0
63459070160,1,PillProjectDisc96/images/NMBG3BCS68Y94SVG6J6XDNJ8NQJUHA.JPG,C3PI_Test,AMRIX CAP 30MG,4.0
63459070160,1,PillProjectDisc96/images/NQ!VZ-ME1AR2!C2BR23ZSWBON!CG-Y.JPG,C3PI_Test,AMRIX CAP 30MG,4.0
63459070160,1,PillProjectDisc97/images/ODJBMVK1E3I7T0NYUOB_ZV0GT21ZRC.JPG,C3PI_Test,AMRIX CAP 30MG,4.0
63459070160,1,PillProjectDisc98/images/PCYTZ0TFZWB_M5A1ZJBKTX11_ASTLS.JPG,C3PI_Test,AMRIX CAP 30MG,4.0
63459070160,1,PillProjectDisc98/images/PDV1DH3DBPPZ0UX4P-RUVUVEOF4!I3.JPG,C3PI_Test,AMRIX CAP 30MG,4.0
63459070160,1,PillProjectDisc99/images/PXGVPODPMPMMS_P92U29CKHFKN8-G7.JPG,C3PI_Test,AMRIX CAP 30MG,4.0
63459070160,1,PillProjectDisc99/images/QES9Q2GE7TXM8_76P-ZGQ5ZR8CH0UK.JPG,C3PI_Test,amrix,4.0
63459070160,1,PillProjectDisc9/images/5T016RNBP4G_FLGPHGS7QX3HUJJPVZ.JPG,C3PI_Test,AMRIX CAP 30MG,4.0
63459070160,1,PillProjectDisc9/images/5TVH0ZW0Q8G-!IS_O--_HDKVJKEHWW.JPG,C3PI_Test,AMRIX CAP 30MG,4.0
63459070160,1,PillProjectDisc71/images/CNT_ZE40IZS5D8K_GINZV4B2E_K063T.JPG,MC_API_NLMIMAGE_V1.3,amrix,4.0
63459070160,1,PillProjectDisc75/images/CRIL6LK2ULTHYUOZ2XQNZUPLQDMIZ!Z.JPG,MC_API_RXNAV_V1.3,amrix,4.0
63459070160,1,PillProjectDisc102/images/T17NWZV7EIUBEQ31-XNB-81IAZ8LT.PNG,MC_C3PI_REFERENCE_SEG_V1.6,AMRIX CAP 30MG,4.0
63459070160,1,PillProjectDisc12/images/8KC0F7OVD3UOXP8_JXEJIYJ1Q04GV0.PNG,MC_C3PI_REFERENCE_SEG_V1.6,AMRIX CAP 30MG,4.0
63459070160,1,PillProjectDisc17/images/B1YJP_DL-O3OTK386P-PBME-PCE4YJN.PNG,MC_C3PI_REFERENCE_SEG_V1.6,AMRIX CAP 30MG,4.0
63459070160,1,PillProjectDisc22/images/B6O4B2NEM13EG!!AUJ8UJ_KH_22GF9H.PNG,MC_C3PI_REFERENCE_SEG_V1.6,amrix,4.0
63459070160,1,PillProjectDisc28/images/BBXDGAZ8E3LAZSMG!M87_299OK1KNOF.PNG,MC_C3PI_REFERENCE_SEG_V1.6,AMRIX CAP 30MG,4.0
63459070160,1,PillProjectDisc31/images/BEM5TE-YC0SED0BBNJJ8H2G!YPUUE5V.PNG,MC_C3PI_REFERENCE_SEG_V1.6,amrix,4.0
63459070160,1,PillProjectDisc33/images/BGIU7C!DJWYA_LE_0YE!Q48793PV7NB.PNG,MC_C3PI_REFERENCE_SEG_V1.6,amrix,4.0
63459070160,1,PillProjectDisc35/images/BI-OEIARYQ8JFURYVOSF55C8KHRPT5M.PNG,MC_C3PI_REFERENCE_SEG_V1.6,amrix,4.0
63459070160,1,PillProjectDisc35/images/BITOHI2S08OHJU9!4Z0LX69J0B8W0H8.PNG,MC_C3PI_REFERENCE_SEG_V1.6,AMRIX CAP 30MG,4.0
63459070160,1,PillProjectDisc45/images/BS4HW89H!T_UCXN-S_8GLE6HX3Z29KV.PNG,MC_C3PI_REFERENCE_SEG_V1.6,amrix,4.0
63459070160,1,PillProjectDisc64/images/CH6LX01053L69PLM8F9M22C8__W69-_.PNG,MC_C3PI_REFERENCE_SEG_V1.6,AMRIX CAP 30MG,4.0
63459070160,1,PillProjectDisc75/images/CRFHG1J40C6RR8RIX-LUTJ212GUATJ-.PNG,MC_C3PI_REFERENCE_SEG_V1.6,AMRIX CAP 30MG,4.0
63459070160,1,PillProjectDisc81/images/CWYFB688VVTQSY_!5155TBWF0F4JVX7.PNG,MC_C3PI_REFERENCE_SEG_V1.6,amrix,4.0
63459070160,1,PillProjectDisc82/images/CXD63DSFU0K84TLXKIW0ELZPCNU06S0.PNG,MC_C3PI_REFERENCE_SEG_V1.6,AMRIX CAP 30MG,4.0
63459070160,1,PillProjectDisc86/images/D_0!ZI-8YIGV_Q64L1Q1ITHGE9ZVLZ.PNG,MC_C3PI_REFERENCE_SEG_V1.6,amrix,4.0
63459070160,1,PillProjectDisc97/images/ON2QOPTFTN8TWZI8_!QALT3YRJZY3Y.PNG,MC_C3PI_REFERENCE_SEG_V1.6,amrix,4.0
63459070160,1,PillProjectDisc12/images/8DHKU2J5HNYOOX7I!LBP632WM1U61V.JPG,MC_CHALLENGE_V1.0,AMRIX CAP 30MG,4.0
63459070160,1,PillProjectDisc71/images/CN1Z7P4J-8S5COFLLLZL6!6JWP6SI7K.JPG,MC_CHALLENGE_V1.0,AMRIX CAP 30MG,4.0
63459070160,1,PillProjectDisc100/images/RIAI5WSEQHKLLUWX!A-LQOCNZ4MG98.PNG,MC_COOKED_CALIBRATED_V1.2,AMRIX CAP 30MG,4.0
63459070160,1,PillProjectDisc1/images/!XXJR-NQ-A-4POK3ZKW1CTLALT2N83.PNG,MC_COOKED_CALIBRATED_V1.2,amrix,4.0
63459070160,1,PillProjectDisc25/images/B9GCE6NUZ_ODJ_GFICQFD_E4Z2FIAOP.PNG,MC_COOKED_CALIBRATED_V1.2,AMRIX CAP 30MG,4.0
63459070160,1,PillProjectDisc36/images/BJA2AKY6W!5RGB6ZFXPDG_9TM-BUY5.PNG,MC_COOKED_CALIBRATED_V1.2,amrix,4.0
63459070160,1,PillProjectDisc49/images/BVSJUMXA_2YYIA9FWAZP29031ZHTEZD.PNG,MC_COOKED_CALIBRATED_V1.2,amrix,4.0
63459070160,1,PillProjectDisc57/images/CA4VW8H6_G6B36O_99TJW4ZGLRS3U8O.PNG,MC_COOKED_CALIBRATED_V1.2,AMRIX CAP 30MG,4.0
63459070160,1,PillProjectDisc90/images/I8IP8T6CW_VUGZZYPH30_23W15HQT8.PNG,MC_COOKED_CALIBRATED_V1.2,amrix,4.0
63459070160,1,PillProjectDisc97/images/ODUQGLEEXJEAR-FL18J81ALC-U55S-.PNG,MC_COOKED_CALIBRATED_V1.2,AMRIX CAP 30MG,4.0
63459070160,1,PillProjectDisc109/images/ZM0EPASCAX7UJM82D8KDGND4-_K1-1.JPG,MC_SPL_SPLIMAGE_V3.0,amrix,4.0
